Date,Close/Last,Volume,Open,High,Low
09/10/2024,$688076.00,1674,$693129.575,$696614.165,$684305.001
09/09/2024,$689280.00,2292,$695039.345,$699201.895,$688830.01
09/06/2024,$689286.63,2025,$695966.285,$702227.50,$687950.56
09/05/2024,$696160.00,2472,$718849.195,$718851.35,$694632.50
09/04/2024,$715778.00,2170,$718359.78,$727115.00,$711466.00
09/03/2024,$715909.99,3592,$711878.945,$723865.72,$710844.24
08/30/2024,$715299.90,1773,$705673.69,$715299.90,$704406.281
08/29/2024,$702320.00,1967,$700562.79,$704650.42,$694724.195
08/28/2024,$696502.02,1857,$691309.265,$699837.26,$689220.56
08/27/2024,$691349.99,1532,$682246.001,$692939.99,$682126.00
08/26/2024,$682200.00,1943,$682960.085,$688650.91,$680180.01
08/23/2024,$680329.99,1392,$675400.23,$680341.57,$673379.111
08/22/2024,$674000.00,1432,$670558.60,$674172.45,$666905.611
08/21/2024,$669500.00,1341,$674795.00,$675500.00,$666100.001
08/20/2024,$672400.00,1481,$674185.23,$675575.00,$669575.30
08/19/2024,$672940.00,2078,$669042.73,$675651.00,$667841.00
08/16/2024,$667129.99,1388,$662467.77,$667770.48,$660121.001
08/15/2024,$661145.00,1430,$661860.04,$663914.99,$658004.351
08/14/2024,$657122.00,1251,$650281.77,$658426.49,$648105.001
08/13/2024,$649104.99,1430,$647556.50,$649999.99,$639455.865
08/12/2024,$646449.99,1777,$651095.27,$651336.75,$643885.02
08/09/2024,$647523.03,1237,$648525.275,$652040.68,$645672.335
08/08/2024,$648887.99,1346,$644425.00,$648887.99,$641244.20
08/07/2024,$641000.00,1597,$641499.685,$649483.33,$638715.67
08/06/2024,$633175.00,2374,$625119.57,$641130.465,$622480.011
08/05/2024,$620040.00,4456,$619493.185,$626755.26,$609578.551
08/02/2024,$641435.00,1843,$645787.775,$654554.804,$636190.001
08/01/2024,$647000.00,1917,$659902.56,$661285.93,$647000.00
07/31/2024,$659210.83,1498,$661914.115,$661914.115,$657159.001
07/30/2024,$662124.70,1644,$659078.14,$666021.67,$657733.28
07/29/2024,$658060.00,1962,$657567.31,$660500.00,$653540.01
07/26/2024,$657179.99,1352,$653043.51,$658594.99,$651163.53
07/25/2024,$649950.02,1323,$647909.24,$659605.055,$645846.80
07/24/2024,$650080.00,1334,$651725.355,$653819.99,$647112.00
07/23/2024,$651580.00,1323,$656586.07,$657555.445,$651519.98
07/22/2024,$655260.00,1894,$654620.33,$657773.44,$649449.28
07/19/2024,$652040.00,1861,$663908.005,$665550.00,$651000.00
07/18/2024,$662820.00,1987,$670291.30,$676106.84,$660870.01
07/17/2024,$671280.00,2213,$658756.255,$671370.00,$656501.07
07/16/2024,$660387.86,1958,$657734.70,$660751.65,$653165.00
07/15/2024,$652997.17,2614,$640680.81,$653861.00,$639541.00
07/12/2024,$639500.00,2005,$631999.91,$643333.00,$630501.03
07/11/2024,$629080.00,1792,$623512.83,$630100.00,$620000.011
07/10/2024,$622506.47,2145,$618404.001,$622811.99,$616000.00
07/09/2024,$618999.90,1660,$615104.655,$622068.20,$613878.25
07/08/2024,$614425.00,2761,$618688.92,$622760.00,$613205.00
07/05/2024,$618545.00,2092,$611929.03,$619173.862,$609730.94
07/03/2024,$611375.00,1237,$612842.285,$612842.285,$608520.001
07/02/2024,$610668.00,1388,$608906.14,$613149.455,$607954.79
07/01/2024,$610460.00,2233,$614966.79,$617134.99,$608100.00
06/28/2024,$612241.00,1617,$614971.335,$617155.065,$611827.345
06/27/2024,$614999.99,2254,$617543.605,$617945.00,$611600.011
06/26/2024,$617071.00,1541,$618211.47,$618445.67,$614228.47
06/25/2024,$620800.00,1790,$623715.76,$623715.76,$617110.001
06/24/2024,$624082.00,2757,$617135.84,$627160.005,$615811.01
06/21/2024,$615001.00,1773,$616697.415,$618194.99,$613195.00
06/20/2024,$617249.90,2908,$613555.875,$617845.00,$607290.00
06/18/2024,$615000.00,1859,$612221.47,$615000.00,$610100.001
06/17/2024,$613860.00,2538,$610583.82,$613860.00,$607888.46
06/14/2024,$610900.00,1950,$609134.095,$612000.00,$607956.65
06/13/2024,$611500.00,2730,$614837.725,$616000.00,$607340.011
06/12/2024,$615591.82,2023,$619445.765,$619834.50,$613250.001
06/11/2024,$615768.99,2186,$615977.96,$615977.96,$611050.00
06/10/2024,$617700.01,2879,$623667.27,$623667.27,$616500.001
06/07/2024,$622291.00,2301,$618894.38,$626000.00,$617795.011
06/06/2024,$620000.00,12680,$617884.735,$620000.00,$614235.01
06/05/2024,$618000.00,14905,$617250.30,$619850.00,$611720.001
06/04/2024,$617435.00,18705,$634999.00,$634999.00,$612375.001
06/03/2024,$631110.10,9786,$625734.85,$741971.39,$623520.20
05/31/2024,$627400.00,12426,$617940.54,$627400.00,$614686.10
05/30/2024,$617690.00,11546,$608846.90,$617700.00,$607500.00
05/29/2024,$608816.00,12181,$609171.195,$613467.505,$607135.001
05/28/2024,$609000.00,17556,$615850.41,$617626.09,$607320.01
05/24/2024,$615900.00,12182,$615271.105,$616412.38,$612117.08
05/23/2024,$612320.00,12489,$624250.00,$625500.00,$612055.001
05/22/2024,$625100.00,11800,$625706.08,$630000.00,$623648.39
05/21/2024,$625150.00,11912,$624826.30,$627500.00,$621961.10
05/20/2024,$623250.00,15762,$629417.505,$632233.99,$623000.001
05/17/2024,$629375.00,14377,$626550.305,$629554.998,$622141.10
05/16/2024,$625100.00,14939,$625888.878,$628582.008,$620706.02
05/15/2024,$622815.02,13742,$619654.28,$624259.998,$616711.10
05/14/2024,$619250.00,13688,$619500.505,$621999.998,$616490.01
05/13/2024,$621000.00,17715,$624400.505,$626699.99,$619385.011
05/10/2024,$622000.00,14083,$619999.988,$622000.00,$615441.02
05/09/2024,$615835.00,12598,$611970.04,$615835.00,$609605.87
05/08/2024,$612100.00,13221,$611542.58,$613000.00,$608035.00
05/07/2024,$611258.00,13009,$611999.998,$613160.288,$607850.00
05/06/2024,$608794.99,17970,$609364.105,$612000.00,$601500.00
05/03/2024,$603000.00,13992,$612883.005,$615999.99,$602415.00
05/02/2024,$606413.45,12442,$609949.99,$609949.99,$600586.37
05/01/2024,$602100.01,13465,$596421.021,$607054.998,$596421.02
04/30/2024,$599500.01,12913,$607188.998,$607189.00,$599500.01
04/29/2024,$605500.00,16537,$606000.01,$611040.55,$604669.22
04/26/2024,$606920.00,13575,$610257.51,$612739.00,$606031.91
04/25/2024,$611560.00,12487,$612588.998,$614098.99,$605750.001
04/24/2024,$613420.00,12751,$615467.00,$618988.988,$610000.00
04/23/2024,$615175.00,13057,$619780.005,$622138.99,$608251.00
04/22/2024,$617283.99,18065,$616549.998,$619764.998,$611521.02
04/19/2024,$611244.00,13396,$604380.55,$611244.00,$602661.01
04/18/2024,$604144.00,12201,$601345.005,$607875.00,$598311.02
04/17/2024,$600300.00,12794,$600650.505,$602900.00,$596000.00
04/16/2024,$598160.00,12769,$606512.505,$610198.99,$598160.00
04/15/2024,$604500.00,17132,$613163.01,$618112.428,$604300.00
04/12/2024,$608091.00,13666,$613406.90,$615651.66,$608000.001
04/11/2024,$616670.00,12804,$618459.91,$622363.99,$611050.001
04/10/2024,$618950.00,13416,$623855.37,$626246.42,$616500.01
04/09/2024,$626900.00,12987,$629421.705,$630599.998,$623080.001
04/08/2024,$628640.00,16880,$631663.00,$633799.99,$628085.001
04/05/2024,$631255.02,13261,$630100.01,$633808.99,$626391.02
04/04/2024,$628419.99,13485,$638862.125,$641148.238,$626439.31
04/03/2024,$633899.00,13173,$631181.505,$635100.00,$629796.01
04/02/2024,$630289.00,13359,$634792.00,$637637.05,$629647.505
04/01/2024,$634030.00,21065,$634830.535,$637349.99,$629565.00
03/28/2024,$634440.00,13080,$630365.39,$634799.998,$628150.001
03/27/2024,$629610.00,12877,$625081.65,$630000.00,$621646.01
03/26/2024,$622380.00,12664,$619805.065,$623789.998,$616716.01
03/25/2024,$619500.00,16549,$622725.96,$624999.99,$617521.101
03/22/2024,$623040.00,12837,$623557.745,$626333.778,$621121.30
03/21/2024,$625095.00,13090,$630471.51,$633348.78,$625000.00
03/20/2024,$628390.00,12876,$623514.255,$628664.00,$619341.021
03/19/2024,$622777.15,12558,$616871.495,$622892.998,$615000.00
03/18/2024,$617880.00,16726,$618164.175,$621644.00,$613000.00
03/15/2024,$618133.66,13505,$606328.495,$619440.00,$604261.011
03/14/2024,$612500.00,11966,$615654.73,$617260.00,$607130.001
03/13/2024,$613900.00,12122,$610246.775,$615644.99,$608503.21
03/12/2024,$609710.00,11576,$612493.005,$613753.16,$609000.00
03/11/2024,$607756.05,16509,$608130.245,$611735.00,$605129.54
03/08/2024,$609748.44,13452,$605164.16,$609748.44,$601746.331
03/07/2024,$605560.01,12884,$611415.665,$614088.99,$601355.00
03/06/2024,$607452.74,12830,$606296.95,$613899.998,$605051.01
03/05/2024,$604619.00,13391,$607377.61,$608719.00,$600401.001
03/04/2024,$608140.00,18324,$611955.955,$613909.00,$605000.00
03/01/2024,$613965.01,14548,$617727.19,$619398.538,$611185.011
02/29/2024,$616561.00,13572,$623019.27,$624775.00,$615150.041
02/28/2024,$621055.02,13257,$614826.77,$625000.00,$613777.001
02/27/2024,$617299.85,14588,$616958.50,$619848.54,$605000.00
02/26/2024,$615356.00,20832,$634902.435,$647038.998,$615356.00
02/23/2024,$628930.18,14237,$629210.225,$632820.00,$626900.041
02/22/2024,$625510.00,13324,$620748.54,$626946.988,$617661.011
02/21/2024,$617011.00,12706,$613998.00,$617549.998,$612052.001
02/20/2024,$613140.00,20282,$611884.495,$619237.00,$611020.00
02/16/2024,$610086.00,12601,$607982.53,$612394.998,$605721.02
02/15/2024,$606999.90,11374,$602693.538,$608500.00,$600000.01
02/14/2024,$601000.02,10309,$595654.935,$601000.02,$592755.001
02/13/2024,$593849.99,10755,$598178.988,$600999.998,$590340.001
02/12/2024,$597092.00,14027,$600014.998,$600634.988,$596000.001
02/09/2024,$599090.00,10543,$597888.505,$599090.00,$595720.001
02/08/2024,$597000.00,10633,$596493.001,$600000.00,$594510.011
02/07/2024,$599300.00,10884,$593794.50,$600531.00,$592933.00
02/06/2024,$592370.00,10024,$588027.505,$592999.998,$586418.00
02/05/2024,$589403.90,13478,$588726.00,$592665.00,$585090.001
02/02/2024,$589498.00,10576,$582190.00,$589999.998,$579791.01
02/01/2024,$581600.00,9783,$579638.00,$582500.00,$575060.00
01/31/2024,$578019.99,9747,$583773.00,$585139.998,$578019.99
01/30/2024,$584680.00,9756,$577853.001,$584764.988,$575246.011
01/29/2024,$578800.00,13846,$582248.005,$585348.778,$572375.011
01/26/2024,$582300.00,10043,$577153.50,$582895.99,$574800.01
01/25/2024,$576211.00,9345,$576435.998,$577251.69,$571800.00
01/24/2024,$570977.00,9560,$565053.005,$572728.328,$564000.01
01/23/2024,$564132.98,8643,$558555.005,$564809.998,$557245.00
01/22/2024,$558316.00,11602,$557031.00,$560959.998,$555730.00
01/19/2024,$556710.01,8834,$549450.505,$558685.038,$547750.00
01/18/2024,$549476.87,7819,$546102.495,$549849.988,$543375.00
01/17/2024,$545250.00,8360,$545846.50,$549844.95,$543235.728
01/16/2024,$547520.00,11874,$551286.998,$551713.00,$546077.011
01/12/2024,$551800.00,8120,$556149.998,$556974.998,$550000.00
01/11/2024,$551695.00,8289,$557552.505,$558533.99,$550000.00
01/10/2024,$557590.00,7971,$556222.995,$560984.99,$555000.001
01/09/2024,$556500.00,7843,$558396.005,$559315.00,$553270.001
01/08/2024,$558780.00,10874,$558068.46,$558829.998,$552240.001
01/05/2024,$554300.00,8105,$555299.988,$555683.68,$549896.07
01/04/2024,$551549.98,9061,$557707.00,$560400.00,$551100.001
01/03/2024,$556049.99,9530,$549271.505,$557899.988,$547106.01
01/02/2024,$549787.00,12029,$539496.01,$550499.998,$539496.01
12/29/2023,$542625.03,8111,$543923.505,$545172.988,$540100.01
12/28/2023,$544999.99,7384,$543682.525,$548888.868,$540005.00
12/27/2023,$543750.00,7623,$543003.00,$545187.00,$540226.01
12/26/2023,$543635.00,10891,$541225.00,$546000.00,$540786.00
12/22/2023,$542600.02,7844,$543209.055,$546100.00,$540177.01
12/21/2023,$540999.98,7700,$545137.50,$547495.36,$538260.01
12/20/2023,$543739.99,8147,$553885.00,$556000.00,$543000.00
12/19/2023,$554650.00,7500,$552721.50,$556366.99,$549720.00
12/18/2023,$551181.60,10465,$546524.495,$555375.00,$545079.00
12/15/2023,$544478.20,8428,$547248.955,$550780.00,$538512.05
12/14/2023,$549760.00,8108,$558013.50,$560512.94,$546540.00
12/13/2023,$555800.00,7807,$551681.995,$556730.00,$549373.00
12/12/2023,$549240.00,7867,$545954.00,$553999.99,$545797.00
12/11/2023,$546907.32,10388,$540632.00,$549999.988,$535881.00
12/08/2023,$539999.90,7636,$538004.00,$542143.99,$534914.01
12/07/2023,$537780.00,6955,$536071.995,$538819.988,$533700.01
12/06/2023,$535220.00,7518,$542181.015,$544349.99,$535220.00
12/05/2023,$539250.00,7498,$539845.00,$545979.53,$535140.01
12/04/2023,$542395.07,10132,$541160.995,$543113.77,$537000.00
12/01/2023,$542414.00,8892,$545956.50,$547067.00,$538805.02
11/30/2023,$545900.00,7416,$544761.50,$546796.00,$543600.00
11/29/2023,$543905.00,7582,$546951.51,$548750.05,$543615.00
11/28/2023,$546868.99,6926,$547930.00,$549189.39,$545881.89
11/27/2023,$547445.05,9911,$549505.00,$553258.458,$545424.93
11/24/2023,$549500.00,7714,$549942.995,$550995.00,$547900.06
11/22/2023,$549520.00,7271,$549224.48,$550842.99,$546403.00
11/21/2023,$547625.03,7220,$546991.505,$550663.64,$545180.01
11/20/2023,$547836.00,9921,$544468.00,$550764.53,$542867.00
11/17/2023,$544190.00,8006,$547921.95,$549999.90,$542850.01
11/16/2023,$546635.01,7320,$543155.50,$548199.53,$539766.02
11/15/2023,$542500.00,7624,$538344.50,$543614.988,$536701.00
11/14/2023,$537400.05,7233,$535813.00,$540000.00,$532756.00
11/13/2023,$531288.00,9418,$533682.765,$537354.53,$528925.01
11/10/2023,$531886.00,7750,$531935.265,$535944.51,$527926.00
11/09/2023,$528224.99,7077,$528812.005,$531124.998,$526310.07
11/08/2023,$526660.00,7252,$525820.50,$528000.00,$523050.00
11/07/2023,$525280.01,7315,$525816.00,$528199.968,$522475.06
11/06/2023,$526449.98,11219,$538674.005,$541142.98,$522207.505
11/03/2023,$533815.00,8005,$533032.145,$537564.778,$531024.00
11/02/2023,$530340.00,7147,$527362.00,$530799.998,$523701.02
11/01/2023,$523749.00,7422,$517661.995,$538000.00,$515921.31
10/31/2023,$517825.00,6612,$513630.15,$518779.998,$512036.31
10/30/2023,$513064.96,8839,$505702.50,$513699.998,$504050.06
10/27/2023,$503375.05,7910,$509478.50,$511180.00,$502000.00
10/26/2023,$510125.00,7210,$512653.005,$514999.99,$508320.94
10/25/2023,$512400.00,7082,$514931.50,$516735.00,$511750.01
10/24/2023,$516249.90,6713,$514760.00,$516974.87,$513072.01
10/23/2023,$512499.96,8917,$508564.00,$515889.998,$507122.01
10/20/2023,$511000.01,7791,$514438.005,$517953.99,$508815.25
10/19/2023,$515549.99,6985,$518292.50,$520674.538,$514425.05
10/18/2023,$518145.00,7638,$526115.50,$528030.50,$517200.00
10/17/2023,$527749.99,7068,$525923.995,$530475.148,$524000.00
10/16/2023,$527475.068,9113,$527957.495,$531299.998,$525380.03
10/13/2023,$522700.00,7439,$525493.00,$528798.00,$522000.00
10/12/2023,$524517.00,7526,$528765.00,$530440.00,$520550.07
10/11/2023,$528820.00,7670,$531439.50,$533863.988,$523175.02
10/10/2023,$528530.00,7273,$527975.998,$530499.988,$524065.02
10/09/2023,$523690.12,9422,$520964.00,$525069.998,$520000.23
10/06/2023,$525425.00,7901,$524162.00,$529079.93,$518565.11
10/05/2023,$523545.05,7164,$522287.00,$524934.99,$519650.01
10/04/2023,$521675.00,7803,$520739.00,$522782.988,$515110.00
10/03/2023,$521919.00,7606,$527205.50,$529951.98,$519300.00
10/02/2023,$527960.00,10714,$531213.50,$532937.978,$524000.00
09/29/2023,$531477.00,8763,$542757.89,$544263.77,$529000.00
09/28/2023,$541105.03,7018,$542978.39,$545359.80,$540875.00
09/27/2023,$542495.05,7947,$546981.65,$548651.99,$537500.00
09/26/2023,$545870.00,7342,$545104.00,$547379.98,$543213.00
09/25/2023,$548360.00,9502,$544976.50,$549032.468,$542482.45
09/22/2023,$546215.00,8090,$551303.50,$553097.00,$545410.01
09/21/2023,$551030.00,7825,$555475.50,$558031.99,$550500.00
09/20/2023,$556580.00,7853,$563549.00,$564862.00,$556250.00
09/19/2023,$563072.76,7764,$563542.00,$566569.97,$559100.01
09/18/2023,$562800.00,10082,$559861.50,$563444.998,$557962.47
09/15/2023,$559499.99,8343,$559749.00,$563135.99,$557471.01
09/14/2023,$561739.99,7604,$560728.50,$562480.99,$558568.00
09/13/2023,$557955.00,7697,$560064.50,$562458.68,$555001.00
09/12/2023,$557415.00,8293,$554000.01,$561661.978,$554000.01
09/11/2023,$555309.00,10014,$553847.00,$556899.99,$552243.01
09/08/2023,$551404.878,7375,$549383.51,$553220.00,$547336.04
09/07/2023,$548930.00,7420,$544902.00,$551326.988,$544902.00
09/06/2023,$548660.00,7573,$546196.50,$550111.998,$544520.00
09/05/2023,$546627.00,10660,$551497.00,$557026.988,$546000.00
09/01/2023,$549999.99,8160,$548600.50,$550995.00,$546454.01
08/31/2023,$546725.01,7577,$549652.005,$551112.99,$545082.01
08/30/2023,$547347.99,7376,$544250.005,$551277.99,$542615.01
08/29/2023,$543592.56,7007,$539294.385,$543899.988,$537000.00
08/28/2023,$539604.90,8952,$542060.00,$544159.99,$538000.00
08/25/2023,$540000.00,7040,$540972.998,$541999.80,$535850.00
08/24/2023,$537780.00,6617,$537307.51,$541884.98,$535111.03
08/23/2023,$537149.93,6400,$533076.495,$537811.338,$531294.01
08/22/2023,$531840.00,6754,$535932.005,$536999.99,$530865.00
08/21/2023,$534700.00,9177,$537448.00,$539061.00,$531000.00
08/18/2023,$535816.79,7190,$533891.00,$537714.998,$531970.01
08/17/2023,$535821.00,6842,$537859.00,$541182.40,$529000.00
08/16/2023,$537496.705,6922,$537720.995,$544050.00,$535939.00
08/15/2023,$538106.51,6792,$542377.16,$544493.31,$536555.26
08/14/2023,$543150.00,8734,$544440.995,$546225.00,$541465.00
08/11/2023,$542900.00,7430,$541215.51,$545041.94,$536800.17
08/10/2023,$543680.00,7045,$547903.50,$551499.99,$540995.00
08/09/2023,$545280.00,7859,$554550.50,$556117.00,$543250.30
08/08/2023,$553101.00,8077,$547682.50,$554000.00,$545087.01
08/07/2023,$551920.00,11299,$540676.005,$555800.00,$538323.00
08/04/2023,$533600.00,7670,$540021.46,$541773.75,$532550.00
08/03/2023,$540999.99,6783,$532482.28,$540999.99,$531000.00
08/02/2023,$533800.00,6922,$533878.62,$535560.96,$531000.00
08/01/2023,$534400.00,7091,$540178.988,$540178.99,$533100.76
07/31/2023,$535400.00,9043,$535187.00,$538498.99,$532000.00
07/28/2023,$533113.00,6853,$534221.50,$536563.00,$531888.89
07/27/2023,$531650.00,6630,$533272.50,$535555.00,$531500.00
07/26/2023,$531900.00,6458,$529062.995,$532999.998,$526126.00
07/25/2023,$528453.01,7023,$532267.50,$534299.00,$526271.01
07/24/2023,$532646.50,9459,$532483.988,$535432.998,$524251.01
07/21/2023,$527749.98,7632,$526400.50,$529824.998,$523925.00
07/20/2023,$526240.01,6749,$520374.00,$526938.338,$518403.00
07/19/2023,$520499.99,7115,$523857.50,$528553.99,$519753.01
07/18/2023,$524750.00,6431,$523265.00,$527999.99,$521743.00
07/17/2023,$523500.00,8482,$518472.495,$524999.998,$516972.00
07/14/2023,$517407.52,7055,$524261.50,$525907.00,$517294.465
07/13/2023,$521833.00,6894,$525806.00,$527367.00,$521758.00
07/12/2023,$525399.99,6619,$523771.50,$526000.00,$522315.01
07/11/2023,$521385.00,6324,$518197.00,$522054.54,$516914.00
07/10/2023,$517136.00,8967,$520364.50,$525412.00,$516953.00
07/07/2023,$521620.00,6563,$519226.495,$525000.00,$517617.00
07/06/2023,$519800.00,6187,$517296.50,$520999.998,$513874.00
07/05/2023,$521000.00,7733,$518014.995,$522339.948,$515001.01
07/03/2023,$519460.00,8207,$519086.00,$520000.00,$514585.00
06/30/2023,$517810.00,6943,$514570.50,$520499.998,$513645.00
06/29/2023,$512260.00,5863,$508228.505,$512260.00,$506527.00
06/28/2023,$506650.00,6515,$511384.505,$512479.00,$505000.00
06/27/2023,$510580.00,5485,$507982.505,$511294.948,$506537.00
06/26/2023,$507000.00,8291,$507861.01,$512132.00,$504112.00
06/23/2023,$509999.99,6199,$513633.988,$513633.99,$507100.00
06/22/2023,$511480.00,6457,$516039.995,$519063.99,$509058.31
06/21/2023,$515515.00,6684,$514801.50,$519722.00,$512636.45
06/20/2023,$515000.00,8414,$515412.50,$518313.99,$512436.01
06/16/2023,$514000.00,6534,$521999.998,$522000.00,$513368.00
06/15/2023,$516391.01,6493,$514769.528,$521999.988,$510000.00
06/14/2023,$510000.00,6798,$519499.988,$521898.00,$509268.00
06/13/2023,$513655.585,5933,$507626.995,$514000.00,$505531.01
06/12/2023,$509004.00,8343,$511724.505,$515738.99,$504490.01
06/09/2023,$510840.00,6244,$512625.275,$514999.998,$510391.01
06/08/2023,$512514.17,5868,$511666.51,$513850.99,$509749.98
06/07/2023,$511795.01,6225,$509406.465,$512694.978,$504648.91
06/06/2023,$508199.93,6096,$499062.50,$509399.988,$497601.00
06/05/2023,$498926.55,8140,$502086.00,$505613.00,$497500.00
06/02/2023,$503000.00,6533,$494931.50,$503777.00,$493283.00
06/01/2023,$492000.01,5678,$489306.50,$492790.988,$486125.00
05/31/2023,$488023.98,5666,$488339.00,$490540.988,$485565.00
05/30/2023,$489224.73,8123,$489005.50,$490572.00,$484736.01
05/26/2023,$486650.00,5801,$486972.495,$489900.00,$484811.00
05/25/2023,$484000.00,5653,$484591.00,$490299.99,$482500.00
05/24/2023,$486545.00,5968,$491535.505,$494039.00,$484394.04
05/23/2023,$491980.00,6082,$499998.998,$502199.99,$490950.01
05/22/2023,$501148.475,9705,$506673.00,$509653.998,$500696.97
05/19/2023,$507161.02,6396,$505889.505,$511334.528,$503905.00
05/18/2023,$504360.00,5877,$502450.00,$505419.998,$498125.00
05/17/2023,$500600.00,5997,$498175.51,$502999.99,$494787.02
05/16/2023,$498620.00,6630,$493583.00,$499998.988,$490756.01
05/15/2023,$495900.00,7342,$492843.50,$497579.958,$489001.00
05/12/2023,$491182.495,5145,$494997.005,$497781.00,$488990.86
05/11/2023,$493000.00,5011,$489430.235,$493000.00,$487000.00
05/10/2023,$492000.00,6007,$500010.005,$502278.00,$488675.01
05/09/2023,$499000.00,5150,$495001.005,$499000.00,$492495.01
05/08/2023,$497000.00,7212,$497248.00,$502054.99,$495500.01
05/05/2023,$491840.00,5745,$494406.50,$497080.00,$490000.01
05/04/2023,$489540.00,5122,$490455.50,$497863.99,$486821.19
05/03/2023,$488606.05,5157,$496236.505,$498452.00,$488606.05
05/02/2023,$494100.00,5688,$503407.50,$505320.00,$492584.01
05/01/2023,$503400.00,7428,$502856.00,$506000.00,$501485.00
04/28/2023,$502879.98,5444,$497818.00,$503000.00,$495916.00
04/27/2023,$499700.02,4720,$497200.00,$500000.00,$492072.00
04/26/2023,$491500.00,4809,$496823.985,$499998.97,$490350.10
04/25/2023,$495112.00,4904,$495900.50,$499975.00,$494619.00
04/24/2023,$498249.99,6092,$496362.50,$500278.998,$494659.00
04/21/2023,$496404.98,4826,$495307.00,$499078.998,$492891.43
04/20/2023,$496300.01,4582,$492896.995,$497370.99,$488221.02
04/19/2023,$494947.98,4598,$497799.988,$497799.99,$491590.00
04/18/2023,$496200.00,4982,$492571.02,$505949.44,$492571.02
04/17/2023,$497900.00,6724,$485731.02,$503734.98,$485731.02
04/14/2023,$496000.00,5815,$493919.995,$500000.50,$489776.01
04/13/2023,$490760.00,5510,$483903.50,$500000.00,$481321.00
04/12/2023,$483500.00,5142,$484184.00,$486979.998,$482018.00
04/11/2023,$480800.00,4744,$476617.99,$483719.998,$474227.00
04/10/2023,$476500.00,7207,$474803.505,$485000.00,$471706.01
04/06/2023,$478005.00,5095,$473479.448,$478580.988,$467601.01
04/05/2023,$471500.00,5097,$467139.73,$472000.00,$464694.02
04/04/2023,$467660.00,4345,$472052.548,$472052.55,$464855.00
04/03/2023,$469760.00,6533,$468874.998,$471770.00,$465570.00
03/31/2023,$465600.00,4392,$462416.00,$466804.995,$461434.01
03/30/2023,$461780.00,4249,$468029.458,$468029.46,$457562.45
03/29/2023,$462100.00,4010,$461814.23,$463604.46,$459979.01
03/28/2023,$459000.00,3899,$458031.00,$459442.998,$456117.44
03/27/2023,$457820.00,5538,$456216.495,$460930.608,$453852.40
03/24/2023,$453066.11,4488,$448611.995,$455820.00,$445885.79
03/23/2023,$452750.00,4346,$457527.39,$459923.78,$449950.00
03/22/2023,$455660.00,4188,$461084.73,$465551.818,$454712.495
03/21/2023,$460515.03,4486,$462470.955,$463854.46,$458600.21
03/20/2023,$455917.44,6047,$446749.23,$456839.998,$444894.00
03/17/2023,$442765.00,5263,$453738.455,$455607.55,$442363.495
03/16/2023,$455350.00,5114,$447520.00,$458757.50,$445695.00
03/15/2023,$448671.01,5182,$455001.00,$456729.46,$446275.12
03/14/2023,$461804.98,4085,$464927.558,$465669.618,$457000.00
03/13/2023,$458050.00,6042,$457112.225,$464054.998,$455250.00
03/10/2023,$460462.00,4537,$460774.948,$464750.00,$457232.00
03/09/2023,$461030.00,4167,$471003.725,$474833.86,$460924.44
03/08/2023,$472002.00,4025,$471518.215,$474129.43,$468800.00
03/07/2023,$471500.00,4412,$479733.245,$481824.44,$470255.12
03/06/2023,$480215.00,6258,$476182.00,$480944.998,$472486.03
03/03/2023,$473256.11,4528,$469297.505,$473427.46,$467448.34
03/02/2023,$466790.01,3994,$461964.458,$467007.148,$457179.44
03/01/2023,$462435.02,4214,$460829.01,$463617.738,$458442.25
02/28/2023,$463525.00,4046,$462523.50,$464529.99,$459970.00
02/27/2023,$461912.23,6501,$462910.01,$463950.00,$458090.01
02/24/2023,$461705.01,4640,$456299.99,$464012.748,$454955.00
02/23/2023,$459375.00,4087,$463104.51,$463830.00,$455627.49
02/22/2023,$460012.41,4088,$459152.49,$463634.58,$457927.25
02/21/2023,$458495.00,6410,$464946.505,$466574.988,$455290.00
02/17/2023,$467372.74,4014,$473103.96,$473103.96,$462481.81
02/16/2023,$467294.98,3793,$466586.15,$470624.828,$465037.30
02/15/2023,$469045.00,4328,$473090.97,$473090.97,$467800.00
02/14/2023,$472500.00,3893,$478386.998,$478387.00,$470145.01
02/13/2023,$476500.00,5473,$469036.03,$477978.97,$469036.03
02/10/2023,$472250.00,4101,$466217.22,$472499.898,$463631.94
02/09/2023,$466020.00,3742,$470093.99,$472222.22,$466020.00
02/08/2023,$467999.00,3996,$471619.50,$475124.958,$467125.00
02/07/2023,$474555.00,4101,$467394.46,$475499.99,$463820.01
02/06/2023,$467000.00,5014,$465407.125,$467096.00,$462433.77
02/03/2023,$466754.98,4601,$471302.99,$471795.00,$462757.30
02/02/2023,$472115.00,4593,$473851.50,$474898.00,$467055.00
02/01/2023,$470605.995,4420,$469922.50,$473689.998,$464527.495
01/31/2023,$472999.90,3909,$467724.458,$472999.90,$463085.00
01/30/2023,$465039.98,5256,$466790.235,$469539.988,$464932.25
01/27/2023,$470000.00,4191,$468410.24,$472885.00,$466576.01
01/26/2023,$469960.00,3874,$474037.00,$475336.00,$468468.69
01/25/2023,$471657.495,3772,$468227.75,$472799.998,$464975.00
01/24/2023,$470999.99,3538,$465721.01,$473445.00,$465720.01
01/23/2023,$469600.00,5280,$471129.458,$473025.00,$464929.01
01/20/2023,$469645.00,3829,$463913.875,$469754.99,$460635.00
01/19/2023,$461949.99,3632,$462497.50,$465064.99,$460233.00
01/18/2023,$466259.98,4122,$477496.51,$479229.46,$465831.375
01/17/2023,$476000.00,5659,$481590.00,$483992.748,$475695.03
01/13/2023,$481021.00,3858,$482429.998,$482430.00,$478000.00
01/12/2023,$482860.00,3778,$486177.005,$488688.00,$480600.00
01/11/2023,$483990.00,3606,$482167.005,$484896.99,$478730.00
01/10/2023,$479420.00,3484,$476223.625,$479698.428,$474511.87
01/09/2023,$478384.90,5500,$483574.73,$487989.13,$476653.34
01/06/2023,$481955.00,3880,$475989.74,$484150.548,$473300.02
01/05/2023,$473660.00,3430,$481228.99,$481228.99,$469227.525
01/04/2023,$476259.90,3722,$477478.998,$479897.138,$470151.01
01/03/2023,$469525.00,5256,$472949.998,$473989.98,$465019.80
12/30/2022,$468710.96,3357,$469317.00,$469317.00,$462800.00
12/29/2022,$468725.01,3040,$462714.50,$470000.00,$460730.00
12/28/2022,$459800.00,3030,$464999.988,$465234.948,$445251.00
12/27/2022,$461954.99,4470,$475794.54,$476154.54,$461000.00
12/23/2022,$463400.00,2803,$458596.005,$463510.00,$455892.00
12/22/2022,$458700.00,3219,$465427.00,$469809.77,$450709.00
12/21/2022,$467599.90,3037,$463000.00,$469219.998,$459151.01
12/20/2022,$457400.00,2736,$457048.99,$460697.738,$446545.11
12/19/2022,$455280.00,3814,$456494.00,$457243.99,$450245.00
12/16/2022,$454620.00,2990,$453162.748,$457889.988,$450050.00
12/15/2022,$457460.00,3376,$464249.458,$464249.46,$452974.725
12/14/2022,$468020.00,2907,$473079.458,$477699.99,$466451.565
12/13/2022,$471999.99,3043,$482502.75,$483393.00,$469409.67
12/12/2022,$471079.96,3864,$465649.998,$471234.99,$461795.68
12/09/2022,$463000.02,2781,$461772.75,$466119.998,$459402.25
12/08/2022,$462780.00,2647,$462435.855,$464619.46,$460612.25
12/07/2022,$461593.40,2890,$464302.75,$467080.958,$460408.25
12/06/2022,$464837.50,2732,$467175.00,$469659.46,$462422.25
12/05/2022,$468700.00,4128,$475080.00,$476689.00,$466160.00
12/02/2022,$477402.978,2794,$472704.73,$477525.958,$470680.00
12/01/2022,$477085.00,2949,$481042.895,$483162.00,$472863.87
11/30/2022,$480280.00,3174,$476093.54,$480301.575,$466100.00
11/29/2022,$475843.00,2642,$471117.895,$475970.958,$468796.01
11/28/2022,$472712.01,4032,$474511.01,$478838.768,$471000.00
11/25/2022,$478675.55,2660,$480349.628,$481580.44,$476281.01
11/23/2022,$477019.99,2918,$476823.00,$477529.998,$473716.01
11/22/2022,$476980.00,2823,$470608.50,$477409.998,$469217.00
11/21/2022,$468921.76,3856,$467817.125,$471915.34,$464865.00
11/18/2022,$468290.00,2682,$469642.748,$469642.75,$465395.00
11/17/2022,$463694.99,2592,$460785.375,$465000.00,$459043.00
11/16/2022,$465520.00,2629,$470627.75,$471327.75,$463401.03
11/15/2022,$468232.75,2908,$474062.75,$474482.75,$464625.12
11/14/2022,$466600.00,4025,$471808.99,$472470.00,$464516.02
11/11/2022,$469047.25,3333,$460357.625,$471870.00,$456961.77
11/10/2022,$457665.00,3160,$448490.50,$458384.988,$444918.42
11/09/2022,$435945.00,2595,$441802.125,$444168.00,$434925.00
11/08/2022,$442100.00,2520,$440405.00,$445435.00,$436311.86
11/07/2022,$438575.01,3642,$439035.055,$442216.00,$434837.10
11/04/2022,$432000.00,2687,$434462.75,$437249.998,$426136.00
11/03/2022,$428800.00,2548,$432450.00,$434427.76,$428465.01
11/02/2022,$438699.90,2636,$439612.25,$449942.498,$437255.00
11/01/2022,$443004.00,2449,$450141.125,$452079.46,$441879.73
10/31/2022,$445050.00,3849,$449277.375,$450837.75,$444750.00
10/28/2022,$451900.00,2869,$441661.625,$451970.00,$440052.25
10/27/2022,$437900.00,2390,$438782.75,$468795.00,$415639.00
10/26/2022,$435660.00,2505,$438227.75,$440404.62,$434601.00
10/25/2022,$436400.00,2446,$436232.505,$437829.46,$432872.70
10/24/2022,$432500.00,3781,$428848.505,$437724.998,$427787.25
10/21/2022,$427169.99,2361,$413212.25,$428229.958,$410112.24
10/20/2022,$413950.10,2210,$421045.00,$423874.998,$413950.10
10/19/2022,$421610.00,2241,$427232.625,$430415.00,$419630.01
10/18/2022,$428465.00,2791,$427925.125,$431339.998,$423923.00
10/17/2022,$419100.80,3366,$420552.75,$421847.748,$416837.25
10/14/2022,$412760.00,3983,$419359.005,$421651.00,$412760.00
10/13/2022,$415222.00,2583,$394151.875,$417859.988,$393012.25
10/12/2022,$399251.00,2747,$404105.855,$405249.46,$399251.00
10/11/2022,$402836.01,2130,$401644.50,$409609.998,$400332.00
10/10/2022,$403000.00,3405,$407070.855,$408699.46,$401591.37
10/07/2022,$406009.98,2407,$413766.625,$415639.00,$403600.00
10/06/2022,$416300.00,2114,$422904.46,$422904.46,$415945.00
10/05/2022,$420667.495,2164,$419405.625,$423914.978,$416842.25
10/04/2022,$424180.00,2503,$419663.00,$425534.998,$417422.00
10/03/2022,$413300.00,3154,$409434.625,$414649.94,$405116.00
09/30/2022,$406470.00,2737,$406833.12,$413174.028,$404072.25
09/29/2022,$406700.00,2792,$409807.75,$412715.938,$401226.87
09/28/2022,$410704.98,2544,$404132.748,$414000.00,$400342.25
09/27/2022,$401490.00,2955,$402857.748,$403999.998,$395202.25
09/26/2022,$399127.75,3437,$401234.375,$404499.46,$397787.04
09/23/2022,$404485.25,3089,$403476.998,$404798.50,$399450.01
09/22/2022,$405375.01,2742,$408263.25,$409683.748,$405000.00
09/21/2022,$407930.00,2510,$423753.988,$423753.99,$407585.00
09/20/2022,$419869.00,2354,$419707.75,$419869.00,$414501.00
09/19/2022,$421339.00,3154,$411560.85,$421339.00,$410892.25
09/16/2022,$414536.99,2738,$415200.00,$416540.00,$411161.01
09/15/2022,$417103.00,2473,$418509.375,$423305.39,$415622.25
09/14/2022,$420499.90,2651,$419877.748,$421200.00,$414247.25
09/13/2022,$418700.00,2900,$427939.258,$428446.36,$417598.62
09/12/2022,$433062.25,3015,$432132.75,$434576.75,$429670.94
09/09/2022,$429819.43,2317,$428917.75,$431347.748,$426000.00
09/08/2022,$426850.00,2102,$420722.748,$426850.00,$416793.625
09/07/2022,$422047.00,2118,$416999.998,$423246.488,$412675.11
09/06/2022,$416860.00,3337,$419989.26,$420247.75,$414285.05
09/02/2022,$417940.00,2583,$429439.258,$429439.26,$415362.26
09/01/2022,$424289.98,2535,$421000.00,$424906.998,$416882.342
08/31/2022,$421308.00,2463,$431745.055,$433325.00,$421308.00
08/30/2022,$429700.00,2191,$436039.26,$436594.26,$428122.01
08/29/2022,$433300.00,3165,$435064.26,$435802.738,$429487.26
08/26/2022,$436201.00,2536,$448972.50,$450867.75,$435770.01
08/25/2022,$448000.00,2178,$444694.258,$448000.00,$440222.26
08/24/2022,$442210.00,2175,$436624.68,$442317.738,$435010.00
08/23/2022,$435730.00,2210,$436408.47,$438274.418,$432739.01
08/22/2022,$433650.00,3606,$444239.26,$444239.26,$432451.73
08/19/2022,$447154.99,2660,$457004.258,$457004.26,$446512.25
08/18/2022,$457400.01,2162,$458177.748,$458177.748,$453347.26
08/17/2022,$457277.495,2522,$459959.26,$461269.43,$454105.11
08/16/2022,$461299.998,2740,$459224.26,$463000.00,$456000.00
08/15/2022,$455170.00,3065,$450929.26,$456992.228,$446866.01
08/12/2022,$452697.25,2359,$448192.75,$453059.00,$446132.25
08/11/2022,$445301.99,2340,$448839.26,$448869.00,$444700.57
08/10/2022,$442800.00,2310,$445299.685,$446904.26,$441500.00
08/09/2022,$440057.748,2237,$441377.75,$447370.078,$438665.00
08/08/2022,$439167.01,3130,$445259.46,$450000.00,$439010.00
08/05/2022,$439528.92,2262,$438634.785,$443384.41,$436510.00
08/04/2022,$442149.00,2596,$444294.26,$445200.00,$440874.55
08/03/2022,$443450.00,2567,$443964.258,$444851.00,$437005.00
08/02/2022,$439179.64,2271,$445734.26,$445734.26,$438649.58
08/01/2022,$444650.00,3447,$451989.26,$451989.26,$443000.00
07/29/2022,$451700.00,2893,$446034.685,$453985.00,$443617.05
07/28/2022,$442000.00,2189,$436772.50,$442000.00,$430815.00
07/27/2022,$436100.00,1940,$431500.11,$437782.748,$429289.995
07/26/2022,$428643.99,1928,$431962.50,$433732.738,$427415.00
07/25/2022,$432578.62,2530,$432249.26,$434029.998,$428185.00
07/22/2022,$429562.005,1990,$434424.258,$434808.00,$425911.01
07/21/2022,$430900.00,2266,$432039.258,$432789.26,$423600.00
07/20/2022,$429200.00,2209,$425260.11,$430059.045,$425260.11
07/19/2022,$425110.00,2161,$421539.258,$426597.748,$417309.01
07/18/2022,$414450.00,2771,$423459.258,$423624.50,$412864.00
07/15/2022,$418349.01,1651,$416157.25,$420499.988,$414693.87
07/14/2022,$412600.00,1994,$412498.99,$413499.998,$407733.875
07/13/2022,$417250.00,1796,$413909.995,$420794.908,$411385.11
07/12/2022,$416448.99,1674,$415405.11,$423699.908,$415405.11
07/11/2022,$417900.00,2522,$420824.458,$422550.00,$417250.00
07/08/2022,$421800.00,2022,$421258.355,$424199.998,$418977.25
07/07/2022,$419200.00,1955,$416842.748,$419824.658,$415832.25
07/06/2022,$414148.01,1711,$415539.26,$416500.00,$409661.04
07/05/2022,$413844.10,2562,$414924.258,$414924.26,$407993.14
07/01/2022,$415850.00,1718,$407700.00,$417869.00,$407700.00
06/30/2022,$408950.00,1691,$407634.258,$412869.00,$403567.25
06/29/2022,$411050.00,1629,$415239.26,$415239.26,$410000.01
06/28/2022,$412170.01,1878,$421976.538,$423727.748,$411287.26
06/27/2022,$417700.00,2403,$423279.26,$424085.00,$416750.00
06/24/2022,$417401.435,2121,$405489.26,$419859.00,$402550.01
06/23/2022,$402300.00,2570,$406412.73,$408499.46,$396500.00
06/22/2022,$405649.00,1871,$402567.635,$410482.74,$400741.01
06/21/2022,$407800.00,2709,$412749.26,$412749.26,$405700.00
06/17/2022,$403150.00,2233,$406209.258,$406209.26,$399022.26
06/16/2022,$403971.00,2813,$413374.95,$413374.95,$400669.02
06/15/2022,$418600.00,2191,$423688.005,$426715.00,$411427.24
06/14/2022,$415500.00,2308,$421651.01,$428219.99,$414200.00
06/13/2022,$423700.00,3205,$432488.99,$433869.00,$422437.50
06/10/2022,$439780.01,2682,$447999.988,$448500.00,$439005.01
06/09/2022,$452260.00,2025,$464274.54,$464274.54,$451757.25
06/08/2022,$463300.00,2059,$472089.54,$472089.54,$462300.55
06/07/2022,$471499.90,1808,$467649.54,$471499.90,$464551.00
06/06/2022,$468400.00,2003,$472899.538,$473899.99,$467632.26
06/03/2022,$467650.00,1949,$469925.13,$471789.25,$465850.00
06/02/2022,$472710.00,2056,$472134.258,$472885.998,$463312.26
06/01/2022,$469620.00,2143,$476594.258,$476594.26,$464900.00
05/31/2022,$474050.00,2852,$477890.14,$479309.26,$472110.14
05/27/2022,$478669.505,1932,$472795.275,$478669.505,$470021.01
05/26/2022,$468805.04,1751,$465146.00,$471601.705,$464951.01
05/25/2022,$462890.00,1709,$462229.695,$466541.08,$459140.82
05/24/2022,$463606.488,1879,$465579.538,$465579.54,$455720.58
05/23/2022,$464510.00,2315,$462638.99,$469079.988,$459371.01
05/20/2022,$456500.00,2376,$462424.54,$462424.54,$448108.335
05/19/2022,$456031.01,3345,$457939.50,$459694.308,$452000.00
05/18/2022,$461000.00,2506,$471052.775,$473284.54,$458619.82
05/17/2022,$471670.00,2228,$470771.01,$478708.99,$468330.82
05/16/2022,$464250.00,1819,$465135.275,$468057.74,$461007.22
05/13/2022,$465011.00,2440,$466106.00,$469144.48,$462327.25
05/12/2022,$461631.00,2951,$460431.14,$464844.54,$454670.00
05/11/2022,$468000.00,2268,$474535.00,$476600.00,$466725.02
05/10/2022,$469780.01,2395,$478464.998,$478750.00,$466051.65
05/09/2022,$471200.00,3255,$477825.14,$478000.00,$468902.24
05/06/2022,$479500.00,2500,$482864.00,$483795.00,$475000.00
05/05/2022,$481400.00,2949,$487900.00,$493849.54,$476747.51
05/04/2022,$494343.00,2398,$486663.99,$494343.00,$477711.72
05/03/2022,$481197.75,2427,$480540.75,$487713.00,$478150.00
05/02/2022,$478150.00,4068,$485921.01,$492124.54,$470692.26
04/29/2022,$484340.00,3073,$495206.00,$499999.99,$484340.00
04/28/2022,$499000.00,2650,$497010.00,$502329.00,$494335.00
04/27/2022,$496800.00,2537,$498092.57,$502798.99,$495068.91
04/26/2022,$497777.00,2844,$506788.99,$507419.41,$497777.00
04/25/2022,$506200.05,4269,$501834.54,$509649.975,$495149.51
04/22/2022,$505440.00,3460,$515050.235,$517444.46,$504513.835
04/21/2022,$515815.00,3896,$524393.91,$526900.00,$515000.01
04/20/2022,$522900.56,4453,$525287.50,$526699.46,$521000.00
04/19/2022,$523260.00,4172,$522339.26,$524207.76,$519001.00
04/18/2022,$519499.00,3320,$516774.26,$521019.41,$514600.00
04/14/2022,$516435.00,1626,$519162.63,$521673.98,$516435.00
04/13/2022,$519799.90,2018,$524135.13,$525900.00,$517973.00
04/12/2022,$524271.00,2064,$529165.00,$531000.00,$522693.14
04/11/2022,$527590.00,2394,$528413.00,$531880.00,$524085.59
04/08/2022,$529000.00,2134,$524139.26,$531040.00,$520276.00
04/07/2022,$519760.00,1997,$519110.50,$521855.00,$513904.68
04/06/2022,$517002.00,2054,$511475.005,$520368.88,$510241.00
04/05/2022,$516000.00,2400,$520074.26,$524424.99,$516000.00
04/04/2022,$518714.00,4039,$529375.00,$532029.26,$516592.58
04/01/2022,$527760.00,2606,$530026.00,$533139.26,$523662.375
03/31/2022,$528921.00,2332,$538660.25,$540420.00,$528921.00
03/30/2022,$536440.00,2327,$531305.13,$537370.50,$527650.14
03/29/2022,$532011.00,3695,$544389.26,$544389.26,$528750.01
03/28/2022,$539180.00,3805,$540912.63,$544000.00,$533345.07
03/25/2022,$538949.00,2635,$531087.50,$538949.00,$529981.00
03/24/2022,$528816.80,2100,$528414.00,$528816.80,$523777.50
03/23/2022,$521781.00,2952,$523066.00,$528015.00,$519150.51
03/22/2022,$525854.00,3733,$526201.00,$532530.00,$523500.00
03/21/2022,$525000.00,3323,$517231.00,$526732.50,$515970.01
03/18/2022,$512991.00,3492,$515731.00,$520654.46,$508852.58
03/17/2022,$518438.00,2942,$505385.00,$518438.00,$503641.00
03/16/2022,$504036.00,2516,$502201.00,$506028.97,$497612.83
03/15/2022,$498160.00,2613,$498673.00,$501939.19,$494022.59
03/14/2022,$493785.00,2916,$493987.63,$500022.83,$491946.585
03/11/2022,$489802.00,1791,$490155.13,$497333.00,$488551.00
03/10/2022,$487820.00,1578,$484252.135,$490800.00,$482520.01
03/09/2022,$488245.00,1663,$491339.26,$491550.18,$484184.495
03/08/2022,$478025.00,2048,$486689.635,$491500.00,$476921.00
03/07/2022,$484527.00,2358,$491039.26,$492059.26,$480887.785
03/04/2022,$487440.00,1971,$485375.005,$488298.00,$480340.56
03/03/2022,$491245.00,1917,$490797.495,$494419.73,$485855.00
03/02/2022,$486109.00,1616,$479174.50,$488765.18,$477091.01
03/01/2022,$475879.00,1818,$482000.00,$482151.42,$470644.87
02/28/2022,$476205.00,2427,$476700.00,$483638.09,$473930.00
02/25/2022,$479345.00,2163,$467597.63,$482579.34,$465326.00
02/24/2022,$462110.00,2750,$452927.63,$463489.75,$450000.00
02/23/2022,$465515.00,1711,$474975.27,$475989.26,$464400.03
02/22/2022,$471417.995,2391,$470732.63,$473459.54,$466257.38
02/18/2022,$472257.00,1533,$471527.63,$473920.00,$469091.00
02/17/2022,$470655.00,1430,$474828.99,$474828.99,$469181.93
02/16/2022,$474444.00,1285,$472982.77,$475780.00,$471401.00
02/15/2022,$473980.00,1506,$475390.27,$476979.99,$472455.55
02/14/2022,$472410.00,2180,$479207.77,$481053.95,$468562.50
02/11/2022,$479370.00,1625,$481067.505,$484849.65,$476885.50
02/10/2022,$480105.00,1770,$481000.27,$483725.54,$478000.00
02/09/2022,$483900.00,1829,$485650.27,$488399.845,$482502.00
02/08/2022,$482030.00,1663,$477670.27,$484200.20,$474112.00
02/07/2022,$474900.00,1960,$474099.54,$477349.93,$468252.50
02/04/2022,$473364.00,2007,$471990.00,$476887.99,$469101.17
02/03/2022,$472536.00,1589,$478840.13,$481029.26,$472081.49
02/02/2022,$479500.00,1882,$470620.13,$480400.00,$469001.00
02/01/2022,$471184.00,1931,$469465.13,$471888.00,$465460.00
01/31/2022,$469805.00,2576,$467665.24,$470739.26,$462150.50
01/28/2022,$469880.00,1999,$462559.775,$469880.00,$456280.51
01/27/2022,$461200.00,1923,$469000.13,$473899.99,$458200.58
01/26/2022,$463652.00,1978,$466162.135,$470769.54,$460206.00
01/25/2022,$461919.01,2058,$453012.005,$464727.75,$443401.70
01/24/2022,$456901.00,3722,$449332.775,$457999.47,$445000.00
01/21/2022,$458675.00,2327,$465040.27,$466988.54,$456623.355
01/20/2022,$467390.00,1770,$473972.775,$476624.99,$466602.205
01/19/2022,$473440.00,1778,$482999.77,$484849.54,$472560.00
01/18/2022,$480081.00,2750,$484930.27,$487255.00,$477585.01
01/14/2022,$485379.00,2013,$480280.13,$486999.00,$476336.00
01/13/2022,$483872.00,1821,$482057.775,$485800.00,$481166.01
01/12/2022,$481700.00,1732,$481190.27,$483249.54,$477093.91
01/11/2022,$480340.00,1697,$479352.505,$480935.00,$473185.00
01/10/2022,$477165.00,2641,$483800.00,$483800.00,$473373.36
01/07/2022,$480000.10,2433,$474695.505,$480887.99,$472610.00
01/06/2022,$473153.00,1867,$470900.235,$473544.46,$467236.24
01/05/2022,$467274.25,2195,$468499.91,$474181.03,$466050.00
01/04/2022,$465725.00,2293,$458674.63,$466194.98,$452376.01
01/03/2022,$454300.00,2737,$452005.14,$454800.00,$451020.01
12/31/2021,$450662.00,1450,$449945.00,$455910.00,$449945.00
12/30/2021,$452700.00,1555,$453727.65,$454999.99,$452545.14
12/29/2021,$452102.00,1423,$452370.07,$453499.02,$450655.14
12/28/2021,$449570.11,1484,$447562.30,$452244.00,$446405.14
12/27/2021,$447110.00,2522,$444204.735,$447284.98,$444020.14
12/23/2021,$444654.00,1505,$445394.80,$448250.00,$443525.01
12/22/2021,$444587.70,1150,$441459.875,$444587.70,$440300.00
12/21/2021,$442999.90,1349,$441314.515,$445378.99,$439385.14
12/20/2021,$437444.99,1763,$438290.15,$439949.46,$434055.00
12/17/2021,$443304.00,2334,$448849.995,$449949.46,$441200.00
12/16/2021,$454550.00,2227,$447540.07,$454550.00,$444655.14
12/15/2021,$443702.00,2488,$445927.735,$447794.46,$441610.58
12/14/2021,$446104.00,2196,$436865.235,$446724.03,$434981.01
12/13/2021,$437730.00,2086,$435860.50,$439700.17,$430932.24
12/10/2021,$435000.00,1570,$431254.07,$435000.00,$428402.01
12/09/2021,$428402.00,1342,$428932.57,$430650.00,$425414.00
12/08/2021,$427405.00,1153,$430115.07,$432745.00,$426000.00
12/07/2021,$429830.00,1263,$430739.00,$431678.885,$426200.00
12/06/2021,$426200.00,1657,$423200.57,$427999.99,$420000.00
12/03/2021,$418676.00,1736,$421420.00,$426000.00,$416100.00
12/02/2021,$420566.00,1249,$417775.565,$422998.98,$415526.01
12/01/2021,$415660.00,2038,$421535.48,$424668.87,$415000.00
11/30/2021,$416876.00,1947,$423822.50,$426125.00,$416545.605
11/29/2021,$425260.00,1937,$429047.505,$432135.00,$425000.00
11/26/2021,$427832.75,1611,$424232.73,$429802.74,$421091.00
11/24/2021,$433333.00,1473,$434642.73,$437138.99,$431497.41
11/23/2021,$434921.00,2424,$432836.90,$435365.00,$430100.00
11/22/2021,$430100.00,1890,$425225.00,$432000.00,$422535.00
11/19/2021,$423374.00,1558,$422900.505,$424300.00,$420000.00
11/18/2021,$422702.00,1619,$428428.99,$428428.99,$422223.00
11/17/2021,$426198.00,1796,$427650.73,$429709.99,$424201.01
11/16/2021,$427702.00,1518,$429637.50,$431848.99,$427120.00
11/15/2021,$429302.00,1803,$432193.00,$434335.00,$429078.51
11/12/2021,$431575.00,1230,$432614.00,$432898.99,$427664.00
11/11/2021,$429202.00,1421,$431800.195,$434398.99,$428694.01
11/10/2021,$430602.00,1711,$431420.18,$433409.22,$428940.01
11/09/2021,$431679.99,2062,$435345.00,$437239.99,$430098.87
11/08/2021,$435200.00,2805,$439648.99,$445000.00,$434752.34
11/05/2021,$434000.00,1685,$434887.10,$437749.37,$432113.88
11/04/2021,$433102.00,1974,$436462.50,$438298.99,$429880.00
11/03/2021,$435020.00,1445,$433425.115,$435140.00,$431163.88
11/02/2021,$434244.98,1721,$434440.00,$434654.37,$429800.00
11/01/2021,$430944.01,2302,$434513.005,$435900.00,$430521.62
10/29/2021,$432902.00,2073,$435052.795,$436511.89,$431713.81
10/28/2021,$436249.50,2409,$434702.73,$436873.99,$432516.47
10/27/2021,$433050.00,3228,$437526.91,$439229.22,$433050.00
10/26/2021,$437890.00,1902,$437165.12,$439849.99,$435446.02
10/25/2021,$436401.00,1793,$435962.985,$437144.50,$433064.07
10/22/2021,$435721.50,1497,$431719.77,$436202.98,$429715.01
10/21/2021,$431680.00,1414,$432689.495,$434800.00,$429435.59
10/20/2021,$432495.00,1659,$428113.00,$432999.99,$426111.47
10/19/2021,$428105.00,1255,$429334.99,$429499.99,$425841.00
10/18/2021,$426189.00,1458,$428949.99,$428949.99,$424000.52
10/15/2021,$427701.00,1201,$429299.99,$429299.99,$424945.35
10/14/2021,$423647.95,1220,$420866.00,$427379.00,$420750.00
10/13/2021,$418402.00,1232,$417906.47,$422179.99,$415265.235
10/12/2021,$419595.95,1063,$423252.115,$424859.22,$419000.00
10/11/2021,$423000.00,1644,$427172.405,$429785.92,$423000.00
10/08/2021,$427765.00,1290,$425642.965,$428479.00,$424000.01
10/07/2021,$425431.00,1243,$424999.00,$428655.00,$423516.47
10/06/2021,$421900.00,1131,$416405.57,$421900.00,$413661.745
10/05/2021,$418539.00,946,$413312.73,$420959.405,$411659.105
10/04/2021,$412540.00,1449,$415146.21,$416803.50,$411285.795
10/01/2021,$414877.965,1002,$412915.495,$417653.385,$410099.495
09/30/2021,$411378.99,1277,$419310.50,$419735.00,$411005.00
09/29/2021,$417165.00,790,$417200.115,$419719.00,$415301.00
09/28/2021,$416580.00,1027,$419975.645,$423224.99,$415395.495
09/27/2021,$420791.40,893,$419638.00,$422203.005,$418928.274
09/24/2021,$418101.00,890,$418474.61,$420090.18,$417561.30
09/23/2021,$418390.00,1093,$414298.005,$420948.925,$413700.00
09/22/2021,$412081.00,917,$415670.73,$416762.22,$411920.00
09/21/2021,$412802.00,1375,$416570.50,$416570.50,$411280.95
09/20/2021,$416000.00,1777,$411704.495,$416000.00,$409000.00
09/17/2021,$416400.00,1602,$418705.27,$421124.495,$415000.00
09/16/2021,$419120.00,835,$420169.995,$420800.00,$416214.725
09/15/2021,$419785.00,888,$417357.61,$419997.505,$416628.875
09/14/2021,$416996.01,1525,$422300.115,$422500.00,$416050.12
09/13/2021,$420801.00,1260,$418509.61,$422522.50,$417686.62
09/10/2021,$417954.00,940,$421027.50,$421290.94,$417942.38
09/09/2021,$420285.00,992,$420270.00,$421489.989,$419136.375
09/08/2021,$420718.97,1080,$419732.50,$421455.975,$417924.97
09/07/2021,$419851.00,1780,$424687.50,$428102.50,$419500.00
09/03/2021,$424201.00,1375,$428825.115,$428825.115,$424201.00
09/02/2021,$428640.00,965,$429605.50,$431317.35,$428000.00
09/01/2021,$430000.00,962,$431180.50,$433720.00,$429000.00
08/31/2021,$429900.00,977,$429405.23,$431000.00,$428706.38
08/30/2021,$429720.00,1043,$431060.115,$431949.00,$429133.875
08/27/2021,$430901.00,735,$429872.845,$431500.00,$429332.00
08/26/2021,$429715.00,905,$433587.615,$433707.61,$428957.25
08/25/2021,$432354.00,827,$431704.995,$434422.75,$429585.495
08/24/2021,$430700.00,884,$430685.505,$431800.00,$428000.01
08/23/2021,$425000.00,999,$432024.61,$432527.61,$425000.00
08/20/2021,$430007.07,849,$429605.11,$430543.235,$427862.00
08/19/2021,$428994.01,1076,$428190.115,$431975.545,$427590.115
08/18/2021,$430651.00,948,$435175.11,$436825.00,$430651.00
08/17/2021,$435609.99,1038,$434530.11,$437550.81,$433136.06
08/16/2021,$435370.00,1265,$432442.615,$435657.495,$429462.495
08/13/2021,$433124.01,1229,$437934.61,$437934.61,$432057.25
08/12/2021,$436545.00,1116,$439120.735,$439800.00,$434845.89
08/11/2021,$438160.00,1284,$434655.25,$439162.75,$434655.25
08/10/2021,$434610.00,1186,$432690.11,$435000.00,$430470.44
08/09/2021,$431881.00,1639,$433055.87,$434297.505,$430485.79
08/06/2021,$430160.00,1256,$424425.50,$430160.00,$424103.00
08/05/2021,$421306.00,1081,$421357.61,$424000.00,$419000.00
08/04/2021,$419962.105,959,$421987.615,$422884.405,$419742.50
08/03/2021,$423706.00,1134,$420575.73,$425000.00,$416964.875
08/02/2021,$418694.975,1239,$420985.27,$424242.01,$418287.255
07/30/2021,$418900.00,888,$421770.00,$422914.45,$418104.50
07/29/2021,$420676.00,1035,$419634.50,$423208.875,$419634.50
07/28/2021,$418975.00,976,$422250.135,$423460.95,$418230.00
07/27/2021,$422308.81,1103,$419810.27,$423000.00,$417135.47
07/26/2021,$419500.00,1110,$418380.005,$421999.99,$418380.005
07/23/2021,$419000.00,844,$418855.505,$421412.995,$418220.00
07/22/2021,$417800.01,945,$419970.505,$420248.005,$417650.01
07/21/2021,$420055.00,980,$418550.41,$422687.50,$417000.00
07/20/2021,$416244.00,1111,$410307.50,$418481.11,$409983.005
07/19/2021,$410450.00,1575,$413133.00,$414230.00,$407773.225
07/16/2021,$417601.00,880,$421981.14,$421981.14,$417113.01
07/15/2021,$421350.00,908,$417335.50,$422103.075,$417000.00
07/14/2021,$418500.00,963,$419805.69,$422061.37,$418000.00
07/13/2021,$419820.00,965,$421010.555,$421524.505,$418724.01
07/12/2021,$420937.00,1418,$420710.55,$424304.075,$418689.30
07/09/2021,$422000.00,1187,$414768.055,$422300.00,$414462.50
07/08/2021,$411840.01,1573,$416268.00,$417572.495,$411000.00
07/07/2021,$419401.00,1135,$415580.625,$420504.995,$415090.691
07/06/2021,$416930.00,1408,$419065.505,$419065.505,$414000.00
07/02/2021,$420000.00,1257,$423427.00,$423427.00,$419020.02
07/01/2021,$421005.00,1005,$418708.00,$421490.695,$417270.03
06/30/2021,$418601.00,1024,$415235.505,$419265.205,$415100.01
06/29/2021,$417000.00,1213,$417100.275,$418868.005,$414945.00
06/28/2021,$416304.01,1632,$420420.50,$420965.00,$415200.01
06/25/2021,$419134.00,1038,$417415.505,$420389.45,$414966.694
06/24/2021,$415000.00,1217,$414780.515,$416863.99,$413187.12
06/23/2021,$413890.00,1473,$416750.00,$417000.00,$413485.00
06/22/2021,$418875.00,1323,$418010.27,$418875.00,$415126.00
06/21/2021,$417780.00,1396,$414842.50,$419177.205,$414044.01
06/18/2021,$412729.00,1903,$415847.00,$416335.00,$409701.02
06/17/2021,$420359.00,1778,$426945.505,$427230.505,$417025.00
06/16/2021,$425645.01,1368,$425495.31,$427584.00,$422457.125
06/15/2021,$426045.00,1196,$427440.00,$427851.995,$424613.81
06/14/2021,$425880.00,2085,$430407.205,$430407.205,$423241.995
06/11/2021,$430282.00,1205,$428557.81,$431351.13,$428000.00
06/10/2021,$427156.01,1353,$435120.00,$436618.23,$427156.01
06/09/2021,$433125.00,1320,$434718.05,$435750.00,$431309.87
06/08/2021,$434510.00,1462,$435392.55,$435457.50,$429260.00
06/07/2021,$434611.00,1806,$440598.055,$440598.055,$433962.125
06/04/2021,$439016.01,1382,$441063.00,$441063.00,$437769.01
06/03/2021,$438745.00,2042,$433050.05,$440157.50,$433050.05
06/02/2021,$435638.58,1883,$437555.505,$437950.00,$434647.42
06/01/2021,$435303.81,1719,$438717.555,$439100.00,$434254.505
05/28/2021,$435999.99,1337,$435623.00,$436429.90,$433636.505
05/27/2021,$435420.00,1510,$433249.81,$436000.00,$431174.865
05/26/2021,$432800.00,1461,$434365.505,$434365.505,$429764.52
05/25/2021,$432274.00,1363,$437298.00,$438445.01,$431784.495
05/24/2021,$435431.00,1342,$435273.055,$437000.805,$433287.005
05/21/2021,$432469.04,1314,$431655.55,$435200.00,$431000.00
05/20/2021,$431421.70,1613,$432773.05,$435000.00,$429879.505
05/19/2021,$430720.00,1708,$426930.555,$430720.00,$424575.00
05/18/2021,$431766.995,1269,$435440.005,$435960.00,$431766.995
05/17/2021,$434324.01,1675,$435914.81,$436131.005,$432747.00
05/14/2021,$437259.98,2091,$433995.50,$437413.01,$433995.50
05/13/2021,$430640.00,2395,$425535.505,$433540.989,$424100.00
05/12/2021,$425308.00,1780,$428607.005,$431200.00,$423076.94
05/11/2021,$430258.00,2452,$435580.505,$436870.52,$427912.50
05/10/2021,$439460.00,3188,$439132.00,$443275.02,$439132.00
05/07/2021,$437131.00,2678,$436188.00,$445000.00,$432826.50
05/06/2021,$435120.00,3213,$426700.00,$435744.00,$426700.00
05/05/2021,$424840.00,1731,$425220.435,$427435.125,$424306.375
05/04/2021,$421420.00,2627,$419095.005,$421850.00,$410850.00
05/03/2021,$420000.00,3087,$418961.975,$422647.75,$417272.015
04/30/2021,$412500.00,2100,$415437.505,$417143.63,$412000.00
04/29/2021,$417905.00,2005,$412758.145,$417905.00,$412000.00
04/28/2021,$410988.00,1588,$410513.895,$411811.39,$409354.505
04/27/2021,$411400.00,1541,$408143.535,$412228.99,$406481.995
04/26/2021,$407526.995,1867,$410493.01,$412473.505,$407250.00
04/23/2021,$408840.00,1691,$407088.005,$410737.995,$406610.97
04/22/2021,$405901.00,1845,$409935.005,$410000.00,$405255.505
04/21/2021,$410152.93,1741,$403655.505,$410164.505,$403602.97
04/20/2021,$403089.00,1662,$404610.275,$405339.99,$401748.50
04/19/2021,$406505.00,2177,$410748.005,$410748.005,$404675.86
04/16/2021,$409250.00,3017,$405752.115,$410400.00,$405752.115
04/15/2021,$404789.00,1726,$403338.005,$404998.92,$400835.01
04/14/2021,$403000.00,1784,$402789.005,$404150.00,$402000.00
04/13/2021,$402500.00,1794,$401667.50,$403474.00,$400372.005
04/12/2021,$402620.00,1950,$401425.505,$403421.005,$400734.00
04/09/2021,$400000.00,1371,$397126.005,$400000.00,$396122.26
04/08/2021,$396001.00,1139,$395475.50,$396985.01,$393972.505
04/07/2021,$395888.00,284,$395730.00,$398000.00,$394500.00
04/06/2021,$396900.00,1334,$395913.00,$397890.00,$394837.50
04/05/2021,$395535.00,1809,$392700.255,$396770.00,$392400.00
04/01/2021,$390360.00,1534,$387979.00,$390984.105,$385702.00
03/31/2021,$385702.00,1732,$388812.50,$390300.00,$385702.00
03/30/2021,$390359.99,1778,$393665.00,$394300.00,$388811.375
03/29/2021,$391540.00,2022,$384053.00,$393484.00,$383922.50
03/26/2021,$387995.00,1478,$383297.50,$390000.00,$381382.00
03/25/2021,$378700.00,1685,$378035.00,$382600.00,$374482.50
03/24/2021,$378000.00,1620,$379201.74,$382155.135,$377520.00
03/23/2021,$377440.00,1544,$379062.00,$382000.00,$376077.45
03/22/2021,$380402.75,2356,$381807.50,$382352.495,$378392.875
03/19/2021,$382697.99,2457,$382320.00,$383612.50,$377500.01
03/18/2021,$383525.00,2353,$384997.50,$388630.00,$381000.01
03/17/2021,$381501.00,3297,$382530.00,$385832.00,$380685.01
03/16/2021,$382720.00,2351,$387095.00,$387155.00,$379212.01
03/15/2021,$386400.00,2986,$395785.00,$395890.00,$385131.37
03/12/2021,$394701.00,2422,$397900.00,$401171.13,$394701.00
03/11/2021,$396399.00,3098,$402495.00,$402502.50,$395062.25
03/10/2021,$398840.00,4243,$394112.865,$407750.00,$392015.00
03/09/2021,$391460.00,3178,$391167.50,$397400.00,$385800.00
03/08/2021,$388560.00,2984,$385571.255,$391852.50,$383700.00
03/05/2021,$381600.00,2489,$375823.025,$383500.00,$373595.00
03/04/2021,$370240.00,2596,$380442.545,$382254.37,$368430.01
03/03/2021,$381680.00,2360,$377572.50,$385000.00,$377500.00
03/02/2021,$377835.00,2311,$378322.50,$380000.00,$376932.50
03/01/2021,$377755.00,2899,$372555.00,$378522.74,$372175.95
02/26/2021,$364580.01,1863,$370220.005,$374490.00,$363680.00
02/25/2021,$367799.99,2238,$375233.00,$377356.95,$366401.00
02/24/2021,$375000.00,2629,$371182.51,$376315.00,$371122.505
02/23/2021,$371055.00,2934,$370487.50,$371800.00,$367235.55
02/22/2021,$369250.02,1695,$363380.05,$371000.00,$362860.005
02/19/2021,$364400.00,1321,$368864.995,$369333.88,$364000.00
02/18/2021,$367400.00,1256,$368885.00,$370000.00,$364760.01
02/17/2021,$370500.00,487,$368560.00,$370872.74,$368560.00
02/16/2021,$369333.00,853,$367657.525,$372660.60,$366000.00
02/12/2021,$365000.00,448,$359750.00,$365724.99,$359750.00
02/11/2021,$361650.00,178,$361060.505,$362300.00,$360108.91
02/10/2021,$361290.01,253,$363145.00,$363231.505,$360555.67
02/09/2021,$362199.99,557,$356588.00,$362394.99,$355021.00
02/08/2021,$357100.00,312,$355000.00,$357100.00,$354401.00
02/05/2021,$354401.00,278,$355750.00,$356500.00,$353845.58
02/04/2021,$354760.00,376,$351700.00,$355000.00,$351192.24
02/03/2021,$350701.00,156,$350200.00,$351085.83,$349250.00
02/02/2021,$350201.00,424,$348300.00,$352000.00,$348300.00
02/01/2021,$346175.00,289,$345000.00,$346944.99,$344250.00
01/29/2021,$344100.00,257,$344749.00,$346355.00,$343000.00
01/28/2021,$348220.01,443,$344340.00,$351976.09,$344340.00
01/27/2021,$343450.00,458,$346145.00,$346645.00,$341119.00
01/26/2021,$349200.00,220,$350190.87,$351800.00,$349025.00
01/25/2021,$351900.00,421,$349000.00,$352084.99,$347250.00
01/22/2021,$350620.00,304,$351800.00,$351800.00,$349500.00
01/21/2021,$354000.00,518,$354200.00,$354834.57,$352400.00
01/20/2021,$352801.00,308,$351975.00,$353349.99,$350639.38
01/19/2021,$352473.99,339,$351177.25,$354837.00,$348070.00
01/15/2021,$350320.00,281,$350540.00,$352500.00,$348500.00
01/14/2021,$352801.00,126,$353100.00,$353697.53,$351573.85
01/13/2021,$353194.00,278,$349147.00,$353194.00,$348140.39
01/12/2021,$350460.00,192,$350050.00,$351250.24,$348250.00
01/11/2021,$350050.00,166,$348100.00,$351140.67,$348072.75
01/08/2021,$352039.00,243,$350500.00,$352039.00,$348100.00
01/07/2021,$350089.00,320,$347900.00,$351000.00,$347120.02
01/06/2021,$346189.00,915,$343000.00,$348999.99,$342000.00
01/05/2021,$341820.00,319,$343900.00,$344714.99,$340850.00
01/04/2021,$343525.00,390,$347825.00,$347825.00,$340816.06
12/31/2020,$347815.00,265,$344302.25,$348500.00,$343806.04
12/30/2020,$345095.00,178,$344410.00,$346110.654,$343917.01
12/29/2020,$344820.00,285,$345143.95,$346677.00,$343975.01
12/28/2020,$342601.00,485,$342000.00,$345250.00,$341445.00
12/24/2020,$340262.25,205,$337000.00,$341000.00,$337000.00
12/23/2020,$336700.00,442,$336399.99,$338532.75,$336399.99
12/22/2020,$335779.00,505,$335535.00,$336615.01,$334500.00
12/21/2020,$338419.00,547,$333650.00,$338419.00,$333650.00
12/18/2020,$337899.99,706,$338000.00,$338468.26,$333864.57
12/17/2020,$339804.10,865,$335000.17,$339804.10,$333150.00
12/16/2020,$338500.00,664,$337154.00,$338559.00,$333333.00
12/15/2020,$337154.00,454,$336494.00,$338919.99,$334642.775
12/14/2020,$335400.00,357,$342200.00,$342200.00,$334040.84
12/11/2020,$340064.00,221,$338440.00,$340414.93,$337167.01
12/10/2020,$340500.00,283,$339750.00,$341941.99,$339060.59
12/09/2020,$340501.00,276,$342526.00,$343000.00,$340300.01
12/08/2020,$342281.01,309,$341887.75,$343190.58,$340125.58
12/07/2020,$343539.00,648,$344785.00,$345500.00,$342600.00
12/04/2020,$347000.00,649,$347000.00,$347999.99,$345900.00
12/03/2020,$346689.99,217,$345500.00,$347300.00,$343602.01
12/02/2020,$345880.00,277,$344300.00,$345929.00,$342900.00
12/01/2020,$344735.00,177,$346480.00,$348271.99,$344478.625
11/30/2020,$343688.00,192,$346000.00,$346299.40,$342672.01
11/27/2020,$347401.00,163,$350444.00,$351039.99,$346200.00
11/25/2020,$350395.00,271,$350939.00,$351000.00,$348446.04
11/24/2020,$351101.00,414,$349580.00,$352450.00,$347310.01
11/23/2020,$344415.00,270,$343500.01,$345732.749,$342379.81
11/20/2020,$341339.00,226,$343800.00,$344849.00,$340727.50
11/19/2020,$345000.00,210,$343633.96,$345000.00,$341897.00
11/18/2020,$345591.99,336,$351900.00,$351900.00,$345500.00
11/17/2020,$349546.00,616,$347000.00,$352500.00,$345417.00
11/16/2020,$349540.00,731,$345000.01,$350000.00,$344846.02
11/13/2020,$341754.00,272,$338000.00,$342269.00,$338000.00
11/12/2020,$336811.00,276,$337800.00,$338339.17,$335186.01
11/11/2020,$341260.00,433,$342433.00,$343705.00,$338223.92
11/10/2020,$343000.00,619,$332000.02,$343000.00,$331977.46
11/09/2020,$330600.00,1059,$333000.00,$337600.00,$327033.49
11/06/2020,$313885.00,222,$312250.00,$315310.00,$311917.00
11/05/2020,$311934.00,179,$314269.00,$316425.95,$311283.92
11/04/2020,$309503.00,223,$310194.42,$315300.00,$307830.00
11/03/2020,$310659.00,351,$312300.00,$314780.00,$310000.00
11/02/2020,$306375.00,186,$307499.90,$309541.99,$305242.01
10/30/2020,$302500.01,208,$300060.00,$303700.00,$298805.94
10/29/2020,$303000.00,186,$300420.00,$304907.00,$297817.00
10/28/2020,$301740.00,503,$304720.00,$305994.99,$300090.00
10/27/2020,$310540.00,163,$311630.00,$313141.99,$310540.00
10/26/2020,$312735.00,307,$314850.00,$315500.00,$311100.00
10/23/2020,$319344.42,293,$318672.25,$320999.00,$317990.58
10/22/2020,$317180.00,164,$314680.00,$317619.00,$314380.00
10/21/2020,$315206.00,179,$313500.00,$317499.99,$313450.00
10/20/2020,$315375.00,164,$316184.05,$317280.00,$314620.95
10/19/2020,$313500.00,293,$318819.05,$318819.05,$312945.11
10/16/2020,$318504.00,160,$318999.99,$320761.28,$318217.01
10/15/2020,$317540.00,140,$314750.00,$318200.00,$312980.00
10/14/2020,$316080.00,276,$319087.75,$319087.75,$316080.00
10/13/2020,$318969.00,264,$324000.01,$324000.01,$318400.01
10/12/2020,$324560.00,170,$324650.00,$326150.00,$323377.75
10/09/2020,$323470.00,193,$323709.00,$324537.01,$321687.26
10/08/2020,$323275.00,315,$321125.00,$323670.00,$320447.26
10/07/2020,$319571.00,211,$318999.99,$322089.00,$317602.26
10/06/2020,$315350.00,275,$319000.00,$320400.00,$315100.01
10/05/2020,$319000.00,253,$319707.00,$321000.00,$318202.25
10/02/2020,$317480.00,324,$315415.00,$320575.00,$314612.25
10/01/2020,$318600.00,571,$321219.01,$321219.01,$316202.505
09/30/2020,$320001.00,678,$318800.00,$320500.00,$316491.29
09/29/2020,$315891.00,613,$321900.00,$321900.00,$315200.00
09/28/2020,$320061.00,489,$319900.00,$323296.99,$318702.01
09/25/2020,$315156.00,176,$311450.00,$316562.00,$310591.03
09/24/2020,$313780.00,296,$313202.75,$315500.00,$310643.91
09/23/2020,$314840.00,237,$321485.00,$322284.41,$314540.01
09/22/2020,$320601.00,340,$320500.00,$321999.91,$318016.99
09/21/2020,$319534.00,467,$321265.58,$323000.00,$313580.00
09/18/2020,$327601.00,753,$328299.94,$331660.00,$327000.00
09/17/2020,$326401.00,428,$327000.01,$328224.78,$325234.17
09/16/2020,$329801.00,630,$331000.00,$333300.01,$329312.01
09/15/2020,$328804.00,352,$330545.00,$332499.99,$328015.59
09/14/2020,$329725.00,510,$328430.00,$332000.00,$327520.59
09/11/2020,$327114.99,399,$328240.00,$328946.15,$325607.01
09/10/2020,$327214.00,423,$330200.00,$331000.00,$326156.01
09/09/2020,$329760.00,390,$328500.00,$332482.00,$328175.01
09/08/2020,$327200.00,376,$324940.00,$328859.42,$323430.58
09/04/2020,$327401.00,429,$330000.00,$332674.42,$323364.01
09/03/2020,$327360.00,623,$332849.99,$334960.00,$325522.00
09/02/2020,$332839.98,445,$328175.00,$333010.00,$327507.17
09/01/2020,$327440.00,342,$325500.00,$327560.00,$325335.60
08/31/2020,$327560.00,454,$327500.00,$329299.19,$326900.00
08/28/2020,$327431.00,299,$325950.00,$328279.19,$323570.01
08/27/2020,$325659.00,578,$323700.00,$327000.00,$323700.00
08/26/2020,$322301.00,429,$319599.90,$323939.46,$318900.00
08/25/2020,$319970.01,332,$320300.00,$321001.00,$319534.00
08/24/2020,$318800.00,414,$315100.00,$320000.00,$314501.03
08/21/2020,$311126.00,365,$309000.00,$312600.01,$309000.00
08/20/2020,$309300.00,267,$307376.00,$310107.01,$307376.00
08/19/2020,$310800.01,281,$313745.01,$315300.00,$310412.01
08/18/2020,$313419.00,223,$310910.00,$314800.00,$310700.00
08/17/2020,$310220.00,414,$315139.00,$315500.00,$309747.01
08/14/2020,$316251.00,222,$317300.00,$318000.00,$315402.25
08/13/2020,$318114.00,268,$318500.00,$319810.00,$317470.58
08/12/2020,$319999.99,381,$320255.00,$321229.00,$318800.57
08/11/2020,$319379.99,504,$322500.00,$323499.96,$318500.01
08/10/2020,$318830.00,440,$316820.00,$319250.00,$314240.00
08/07/2020,$314333.88,444,$305681.00,$314365.00,$305681.00
08/06/2020,$307454.95,442,$305000.00,$308000.00,$304820.07
08/05/2020,$305200.00,562,$301871.00,$306969.99,$301200.00
08/04/2020,$300330.00,272,$298000.00,$300330.00,$297470.01
08/03/2020,$298800.00,473,$295000.00,$301000.00,$294510.01
07/31/2020,$293631.00,275,$291750.00,$293797.99,$290150.00
07/30/2020,$291362.01,236,$290335.05,$291927.00,$288610.49
07/29/2020,$294496.00,250,$290940.00,$294869.99,$290940.00
07/28/2020,$290940.00,313,$286000.01,$291719.84,$286000.01
07/27/2020,$288107.01,347,$290590.00,$290692.00,$287850.00
07/24/2020,$291621.00,343,$290684.00,$294253.99,$290521.00
07/23/2020,$289436.00,262,$287961.00,$290084.245,$287435.84
07/22/2020,$287961.00,223,$287000.00,$288319.00,$286210.58
07/21/2020,$288201.00,464,$286720.95,$290169.99,$286600.01
07/20/2020,$285590.00,221,$285400.00,$286900.00,$284450.00
07/17/2020,$286140.00,256,$287540.00,$288169.99,$285972.25
07/16/2020,$286271.20,282,$282560.00,$287770.00,$282560.00
07/15/2020,$285520.00,453,$289500.00,$289729.99,$283619.99
07/14/2020,$284780.00,427,$274000.00,$285000.00,$274000.00
07/13/2020,$276015.00,502,$275540.00,$278640.00,$275100.00
07/10/2020,$273900.00,329,$268237.50,$274450.00,$268000.00
07/09/2020,$268780.00,392,$271770.00,$272220.00,$267307.00
07/08/2020,$271770.00,268,$271000.00,$273663.68,$270075.90
07/07/2020,$271640.00,406,$272830.00,$273870.00,$271057.26
07/06/2020,$274050.01,548,$274180.00,$275080.00,$272600.00
07/02/2020,$267551.00,470,$270800.00,$271500.00,$267420.01
07/01/2020,$267020.00,386,$267600.00,$270500.00,$266356.595
06/30/2020,$267300.00,522,$265400.00,$268599.99,$265067.25
06/29/2020,$265219.00,385,$264320.00,$265802.76,$263600.00
06/26/2020,$263400.00,791,$267500.00,$268108.59,$262700.00
06/25/2020,$267840.02,410,$265000.01,$269678.28,$264611.06
06/24/2020,$266440.00,729,$269800.00,$269800.00,$266200.00
06/23/2020,$272700.00,884,$272750.00,$273789.83,$271115.00
06/22/2020,$271999.90,851,$269047.25,$271999.90,$268200.00
06/19/2020,$271600.00,912,$274160.00,$274429.00,$268807.26
06/18/2020,$273000.00,756,$270500.00,$273000.00,$269300.00
06/17/2020,$275000.00,821,$274849.00,$275000.00,$270870.06
06/16/2020,$273480.00,945,$279945.00,$279945.00,$270000.00
06/15/2020,$271956.00,812,$266400.00,$272530.00,$264030.00
06/12/2020,$271515.00,644,$275730.00,$276800.00,$267592.51
06/11/2020,$267729.00,910,$277750.00,$280279.99,$267000.00
06/10/2020,$287200.00,400,$293900.00,$294492.99,$287200.00
06/09/2020,$293955.00,412,$295501.00,$298220.00,$293799.06
06/08/2020,$302235.00,605,$303594.00,$304990.01,$299400.00
06/05/2020,$300920.00,634,$294505.00,$302095.06,$294200.00
06/04/2020,$287878.00,315,$285804.00,$288000.00,$284377.33
06/03/2020,$286090.00,440,$283100.00,$287369.99,$281800.00
06/02/2020,$278560.00,353,$275601.00,$279410.00,$275601.00
06/01/2020,$275600.00,303,$278167.00,$278167.00,$275000.00
05/29/2020,$278640.00,358,$275000.00,$278640.00,$273850.00
05/28/2020,$277035.00,396,$280899.00,$280899.00,$276000.00
05/27/2020,$278495.00,486,$276755.00,$278999.68,$275850.00
05/26/2020,$270330.00,558,$269900.00,$272499.99,$268095.00
05/22/2020,$263094.00,258,$262000.00,$263094.00,$259990.00
05/21/2020,$261906.00,310,$264200.00,$264929.99,$261640.57
05/20/2020,$264100.00,249,$261880.00,$265130.00,$261500.00
05/19/2020,$258700.00,285,$260800.00,$262200.00,$258700.00
05/18/2020,$262900.00,618,$260000.00,$265002.00,$258510.55
05/15/2020,$253500.75,262,$254585.95,$256100.00,$252801.23
05/14/2020,$256230.00,388,$254000.00,$257261.99,$250926.02
05/13/2020,$255715.00,586,$259499.00,$259499.00,$255000.00
05/12/2020,$260000.00,304,$262701.00,$263800.00,$260000.00
05/11/2020,$261601.17,437,$264320.01,$264397.74,$260901.00
05/08/2020,$265280.00,302,$264565.95,$266105.00,$261990.00
05/07/2020,$260750.00,369,$260110.00,$263710.00,$260110.00
05/06/2020,$259100.00,510,$265000.00,$266400.00,$259100.00
05/05/2020,$264280.00,457,$269999.00,$269999.99,$264280.00
05/04/2020,$267080.00,612,$270000.00,$270000.00,$265000.00
05/01/2020,$273975.00,571,$278121.00,$278710.00,$272520.00
04/30/2020,$281700.00,486,$283200.00,$284452.50,$280280.00
04/29/2020,$284749.00,773,$286400.00,$288888.00,$283800.00
04/28/2020,$280600.00,572,$285400.00,$286479.90,$280600.00
04/27/2020,$281264.00,764,$280910.95,$284039.00,$279855.00
04/24/2020,$279460.00,543,$280100.00,$280130.00,$276601.50
04/23/2020,$278750.00,586,$280000.00,$280888.00,$277267.65
04/22/2020,$279660.00,685,$280000.00,$280888.00,$278000.08
04/21/2020,$275750.00,650,$275950.00,$278609.91,$275000.01
04/20/2020,$282800.00,721,$282200.00,$283800.00,$281000.00
04/17/2020,$284400.00,819,$289585.01,$289585.01,$283600.00
04/16/2020,$282281.99,779,$283750.00,$283750.99,$278800.00
04/15/2020,$283750.00,562,$284500.00,$284500.00,$281201.01
04/14/2020,$289730.26,672,$291400.00,$291533.33,$286392.75
04/13/2020,$282800.00,565,$290950.01,$290950.01,$279060.00
04/09/2020,$290500.00,562,$290950.00,$295764.67,$287220.00
04/08/2020,$286999.00,410,$280850.00,$287000.00,$278280.01
04/07/2020,$276700.00,700,$285010.00,$287000.00,$276700.00
04/06/2020,$277260.00,611,$273001.00,$279500.00,$271444.01
04/03/2020,$267954.00,293,$268700.00,$270204.90,$263242.02
04/02/2020,$271475.00,897,$262130.95,$271475.00,$261894.99
04/01/2020,$261250.00,892,$265900.00,$267850.00,$261180.00
03/31/2020,$272000.00,506,$272635.50,$279140.00,$270845.27
03/30/2020,$274021.00,423,$269410.00,$276000.00,$267020.47
03/27/2020,$268126.00,599,$267600.00,$276362.75,$265337.33
03/26/2020,$276095.00,757,$270800.00,$277162.74,$269500.00
03/25/2020,$270759.00,957,$269200.00,$283325.00,$262710.00
03/24/2020,$267090.00,1220,$255225.50,$268500.00,$254500.00
03/23/2020,$240000.00,1297,$249000.00,$250000.00,$239440.00
03/20/2020,$257346.00,1217,$265000.00,$265000.00,$251000.00
03/19/2020,$261690.00,1116,$251100.00,$264440.00,$250000.00
03/18/2020,$256300.00,1463,$266000.05,$270873.98,$251101.00
03/17/2020,$280248.00,1225,$275000.00,$280619.13,$268000.01
03/16/2020,$268000.00,722,$260000.26,$283480.00,$260000.00
03/13/2020,$289000.00,1075,$283499.99,$295972.00,$270210.00
03/12/2020,$272000.00,1861,$276550.00,$282000.00,$266799.99
03/11/2020,$292130.00,563,$296550.00,$297472.99,$290400.00
03/10/2020,$303561.00,748,$301950.00,$304199.00,$293500.00
03/09/2020,$290005.00,1057,$292300.00,$298670.01,$290000.00
03/06/2020,$310894.00,459,$309000.00,$311257.76,$304767.24
03/05/2020,$315000.00,384,$318605.00,$318605.00,$311250.08
03/04/2020,$326125.00,352,$321000.00,$327246.00,$314607.24
03/03/2020,$313914.00,427,$322550.00,$327000.00,$310000.00
03/02/2020,$324500.00,485,$314000.00,$327937.00,$308100.00
02/28/2020,$309096.00,709,$304000.00,$310337.00,$300750.02
02/27/2020,$312619.00,549,$320480.00,$322291.99,$312501.00
02/26/2020,$324301.00,393,$328200.00,$330602.75,$324301.00
02/25/2020,$328000.00,551,$333195.07,$335000.00,$325900.00
02/24/2020,$333190.00,739,$334999.99,$336162.67,$330940.00
02/21/2020,$343449.00,204,$341850.00,$344975.00,$340600.00
02/20/2020,$342122.00,287,$343750.00,$344642.35,$340965.01
02/19/2020,$344000.00,258,$340655.75,$344427.75,$340317.00
02/18/2020,$339745.00,198,$340223.94,$341000.00,$338000.00
02/14/2020,$340223.94,121,$339487.50,$340600.00,$338437.49
02/13/2020,$338500.00,255,$340500.00,$341047.71,$338500.00
02/12/2020,$341000.00,210,$341900.00,$343146.05,$340403.53
02/11/2020,$340780.00,151,$342350.00,$342350.00,$340461.05
02/10/2020,$340361.00,180,$340904.00,$341078.01,$338000.00
02/07/2020,$340900.00,180,$342000.00,$342775.00,$340345.00
02/06/2020,$344081.00,185,$344290.00,$345000.00,$343070.00
02/05/2020,$342615.00,341,$340399.99,$342909.84,$340359.38
02/04/2020,$337421.00,220,$339220.00,$340295.66,$337280.01
02/03/2020,$334860.01,194,$338160.00,$339450.00,$334580.00
01/31/2020,$335996.01,294,$339855.00,$339855.00,$335120.02
01/30/2020,$342000.00,227,$334360.00,$342000.00,$334360.00
01/29/2020,$336476.01,143,$336250.00,$339400.00,$336250.00
01/28/2020,$336000.01,232,$335600.00,$338000.00,$335031.95
01/27/2020,$333621.00,515,$334450.00,$335450.00,$332000.00
01/24/2020,$340199.05,294,$342850.00,$343520.00,$339139.17
01/23/2020,$344414.00,200,$343596.00,$344600.00,$341150.00
01/22/2020,$344700.00,244,$343100.00,$345500.00,$342680.00
01/21/2020,$342650.00,277,$345000.00,$346699.99,$342185.00
01/17/2020,$344970.00,229,$345000.00,$347400.00,$344550.01
01/16/2020,$344505.00,204,$343155.00,$345000.00,$342805.51
01/15/2020,$342550.00,125,$340450.00,$342950.00,$340450.00
01/14/2020,$340706.00,162,$341101.00,$342500.00,$340489.99
01/13/2020,$342855.00,205,$340600.09,$342855.00,$339560.01
01/10/2020,$340185.00,144,$342796.00,$342850.00,$340000.00
01/09/2020,$343263.00,278,$341100.00,$343263.00,$340800.00
01/08/2020,$339188.00,192,$339450.00,$341580.00,$338850.00
01/07/2020,$338901.00,279,$340000.00,$340000.00,$338200.00
01/06/2020,$340210.00,275,$337750.00,$340340.00,$337100.00
01/03/2020,$339155.00,222,$338206.72,$341040.00,$337755.00
01/02/2020,$342261.00,408,$341150.00,$342261.00,$340065.00
12/31/2019,$339590.00,142,$338750.00,$340000.00,$337920.00
12/30/2019,$338750.00,333,$339000.00,$339960.00,$337025.05
12/27/2019,$338920.02,164,$339600.00,$340550.00,$338340.00
12/26/2019,$339650.00,142,$339725.00,$339725.00,$338439.00
12/24/2019,$338389.90,77,$337920.00,$338389.90,$337649.00
12/23/2019,$338045.00,215,$339000.00,$339850.00,$337632.50
12/20/2019,$339850.00,305,$340219.00,$341754.84,$338567.25
12/19/2019,$337491.00,459,$337320.00,$338498.69,$336065.00
12/18/2019,$337500.00,247,$340250.00,$340646.00,$337400.00
12/17/2019,$339000.00,274,$340807.25,$342250.00,$339000.00
12/16/2019,$340380.00,324,$339850.00,$341784.99,$339312.64
12/13/2019,$338080.10,209,$337754.00,$339704.44,$336000.00
12/12/2019,$338800.00,628,$334330.00,$339769.58,$334330.00
12/11/2019,$333600.00,277,$331424.00,$333900.00,$331424.00
12/10/2019,$332120.00,462,$331904.00,$333004.68,$330670.01
12/09/2019,$331904.00,189,$333640.00,$334997.99,$331770.00
12/06/2019,$333640.00,363,$332870.00,$334459.98,$332600.00
12/05/2019,$329799.00,153,$328199.99,$329799.00,$327500.00
12/04/2019,$327501.01,173,$326782.00,$328100.00,$326780.01
12/03/2019,$327539.00,200,$327600.00,$328000.00,$324900.00
12/02/2019,$330609.00,285,$330802.15,$332007.50,$330373.74
11/29/2019,$330495.11,345,$330424.32,$330879.70,$329705.00
11/27/2019,$330684.81,288,$328875.00,$330910.00,$327720.29
11/26/2019,$328402.00,186,$328301.00,$328794.00,$326780.13
11/25/2019,$328301.00,188,$328000.00,$328900.00,$327521.32
11/22/2019,$326962.00,144,$325695.00,$326975.00,$325305.46
11/21/2019,$325102.00,217,$326000.01,$326703.00,$324580.10
11/20/2019,$326712.00,291,$327600.00,$327769.99,$324200.00
11/19/2019,$328601.00,251,$329860.00,$329900.00,$328315.00
11/18/2019,$329225.00,248,$330000.05,$330499.99,$327800.00
11/15/2019,$329405.00,318,$329400.00,$330269.08,$328455.00
11/14/2019,$329302.00,166,$329500.00,$329891.99,$327119.89
11/13/2019,$329402.00,183,$329150.00,$330025.00,$328239.99
11/12/2019,$331106.00,135,$331850.00,$333170.58,$330950.08
11/11/2019,$330986.00,119,$330380.00,$331650.00,$330380.00
11/08/2019,$331526.00,197,$333225.00,$333233.79,$329975.00
11/07/2019,$333860.00,481,$333720.00,$335000.00,$332600.00
11/06/2019,$332855.00,379,$331000.00,$333000.00,$330500.00
11/05/2019,$331500.00,783,$328000.00,$332500.00,$327500.00
11/04/2019,$326800.00,325,$326850.00,$327867.00,$325523.00
11/01/2019,$323400.00,531,$320250.00,$324850.00,$320000.00
10/31/2019,$318939.00,541,$319819.05,$320500.00,$317310.01
10/30/2019,$320000.00,399,$318735.00,$320015.06,$317490.00
10/29/2019,$319423.00,466,$318200.00,$319772.00,$318000.00
10/28/2019,$319055.10,440,$318000.00,$319923.00,$318000.00
10/25/2019,$317495.00,353,$315250.00,$318418.99,$315250.00
10/24/2019,$315475.00,429,$315250.00,$316855.00,$314619.00
10/23/2019,$316560.00,270,$316000.00,$316560.00,$314398.00
10/22/2019,$316180.00,117,$316300.00,$317867.00,$315888.00
10/21/2019,$317040.00,254,$315275.00,$317133.00,$315275.00
10/18/2019,$313270.00,182,$312807.00,$314400.00,$312595.06
10/17/2019,$313200.00,151,$313640.00,$314900.00,$312970.00
10/16/2019,$313850.00,208,$312725.00,$314925.00,$312725.00
10/15/2019,$314250.00,343,$311582.72,$315287.00,$311567.00
10/14/2019,$311640.00,106,$311700.00,$311970.54,$310500.00
10/11/2019,$312500.00,444,$313270.00,$315000.00,$312120.00
10/10/2019,$309974.00,180,$309700.00,$312120.00,$309540.00
10/09/2019,$310000.01,229,$307660.01,$310814.99,$307133.00
10/08/2019,$306538.99,368,$309400.00,$309400.00,$306040.01
10/07/2019,$310720.00,143,$311000.00,$312360.00,$309555.00
10/04/2019,$312524.00,156,$307887.00,$312524.00,$307887.00
10/03/2019,$307250.00,567,$304585.00,$307600.00,$302260.01
10/02/2019,$305090.00,711,$308600.00,$308600.00,$303665.00
10/01/2019,$310005.00,162,$313099.99,$314604.99,$309830.00
09/30/2019,$311832.00,173,$311450.00,$312969.99,$311390.00
09/27/2019,$311450.00,141,$311880.00,$312325.00,$310055.03
09/26/2019,$310250.01,332,$311906.00,$311906.00,$309671.02
09/25/2019,$311906.00,142,$309750.00,$312330.00,$309700.00
09/24/2019,$310356.00,247,$312000.01,$313423.00,$308885.01
09/23/2019,$313225.00,195,$311150.00,$313235.00,$309971.04
09/20/2019,$313700.00,394,$315000.00,$315000.00,$311500.00
09/19/2019,$315000.00,120,$316400.00,$317100.00,$313500.00
09/18/2019,$317030.00,192,$313950.00,$317030.00,$313950.00
09/17/2019,$315744.00,150,$315807.00,$316666.00,$313220.00
09/16/2019,$315807.00,142,$318101.00,$318101.00,$315344.93
09/13/2019,$320850.00,397,$318999.99,$321833.00,$318400.00
09/12/2019,$317182.00,485,$316970.00,$319200.00,$316675.00
09/11/2019,$316230.00,423,$312250.00,$316500.00,$311575.00
